row_titles,sample.ginkgo.30832357.experiment.ginkgo.42587,sample.ginkgo.30832358.experiment.ginkgo.42587,sample.ginkgo.30832359.experiment.ginkgo.42587,sample.ginkgo.30832360.experiment.ginkgo.42587,sample.ginkgo.30832361.experiment.ginkgo.42587,sample.ginkgo.30832362.experiment.ginkgo.42587,sample.ginkgo.30832363.experiment.ginkgo.42587,sample.ginkgo.30832364.experiment.ginkgo.42587,sample.ginkgo.30832365.experiment.ginkgo.42587,sample.ginkgo.30832366.experiment.ginkgo.42587,sample.ginkgo.30832367.experiment.ginkgo.42587,sample.ginkgo.30832368.experiment.ginkgo.42587,sample.ginkgo.30832369.experiment.ginkgo.42587,sample.ginkgo.30832370.experiment.ginkgo.42587,sample.ginkgo.30832371.experiment.ginkgo.42587,sample.ginkgo.30832372.experiment.ginkgo.42587,sample.ginkgo.30832373.experiment.ginkgo.42587,sample.ginkgo.30832374.experiment.ginkgo.42587,sample.ginkgo.30832375.experiment.ginkgo.42587,sample.ginkgo.30832376.experiment.ginkgo.42587,sample.ginkgo.30832377.experiment.ginkgo.42587,sample.ginkgo.30832378.experiment.ginkgo.42587,sample.ginkgo.30832379.experiment.ginkgo.42587,sample.ginkgo.30832380.experiment.ginkgo.42587,sample.ginkgo.30832381.experiment.ginkgo.42587,sample.ginkgo.30832382.experiment.ginkgo.42587,sample.ginkgo.30832383.experiment.ginkgo.42587,sample.ginkgo.30832384.experiment.ginkgo.42587,sample.ginkgo.30832385.experiment.ginkgo.42587,sample.ginkgo.30832386.experiment.ginkgo.42587,sample.ginkgo.30832387.experiment.ginkgo.42587,sample.ginkgo.30832388.experiment.ginkgo.42587,sample.ginkgo.30832389.experiment.ginkgo.42587,sample.ginkgo.30832390.experiment.ginkgo.42587,sample.ginkgo.30832391.experiment.ginkgo.42587,sample.ginkgo.30832392.experiment.ginkgo.42587,sample.ginkgo.30832393.experiment.ginkgo.42587,sample.ginkgo.30832394.experiment.ginkgo.42587,sample.ginkgo.30832395.experiment.ginkgo.42587,sample.ginkgo.30832396.experiment.ginkgo.42587,sample.ginkgo.30832397.experiment.ginkgo.42587,sample.ginkgo.30832398.experiment.ginkgo.42587,sample.ginkgo.30832399.experiment.ginkgo.42587,sample.ginkgo.30832400.experiment.ginkgo.42587,sample.ginkgo.30832401.experiment.ginkgo.42587,sample.ginkgo.30832402.experiment.ginkgo.42587,sample.ginkgo.30832403.experiment.ginkgo.42587,sample.ginkgo.30832404.experiment.ginkgo.42587,sample.ginkgo.30832405.experiment.ginkgo.42587,sample.ginkgo.30832406.experiment.ginkgo.42587,sample.ginkgo.30832407.experiment.ginkgo.42587,sample.ginkgo.30832408.experiment.ginkgo.42587,sample.ginkgo.30832409.experiment.ginkgo.42587,sample.ginkgo.30832410.experiment.ginkgo.42587,sample.ginkgo.30832411.experiment.ginkgo.42587,sample.ginkgo.30832412.experiment.ginkgo.42587,sample.ginkgo.30832413.experiment.ginkgo.42587,sample.ginkgo.30832414.experiment.ginkgo.42587,sample.ginkgo.30832415.experiment.ginkgo.42587,sample.ginkgo.30832416.experiment.ginkgo.42587,sample.ginkgo.30832417.experiment.ginkgo.42587,sample.ginkgo.30832418.experiment.ginkgo.42587,sample.ginkgo.30832419.experiment.ginkgo.42587,sample.ginkgo.30832420.experiment.ginkgo.42587,sample.ginkgo.30832421.experiment.ginkgo.42587,sample.ginkgo.30832422.experiment.ginkgo.42587,sample.ginkgo.30832423.experiment.ginkgo.42587,sample.ginkgo.30832424.experiment.ginkgo.42587,sample.ginkgo.30832425.experiment.ginkgo.42587,sample.ginkgo.30832426.experiment.ginkgo.42587,sample.ginkgo.30832427.experiment.ginkgo.42587,sample.ginkgo.30832428.experiment.ginkgo.42587,sample.ginkgo.30832429.experiment.ginkgo.42587,sample.ginkgo.30832430.experiment.ginkgo.42587,sample.ginkgo.30832431.experiment.ginkgo.42587,sample.ginkgo.30832432.experiment.ginkgo.42587,sample.ginkgo.30832433.experiment.ginkgo.42587,sample.ginkgo.30832434.experiment.ginkgo.42587,sample.ginkgo.30832435.experiment.ginkgo.42587,sample.ginkgo.30832436.experiment.ginkgo.42587,sample.ginkgo.30832437.experiment.ginkgo.42587,sample.ginkgo.30832438.experiment.ginkgo.42587,sample.ginkgo.30832439.experiment.ginkgo.42587,sample.ginkgo.30832440.experiment.ginkgo.42587,sample.ginkgo.30832441.experiment.ginkgo.42587,sample.ginkgo.30832442.experiment.ginkgo.42587,sample.ginkgo.30832443.experiment.ginkgo.42587,sample.ginkgo.30832444.experiment.ginkgo.42587,sample.ginkgo.30832445.experiment.ginkgo.42587,sample.ginkgo.30832446.experiment.ginkgo.42587,sample.ginkgo.30832447.experiment.ginkgo.42587,sample.ginkgo.30832448.experiment.ginkgo.42587,sample.ginkgo.30832449.experiment.ginkgo.42587,sample.ginkgo.30832450.experiment.ginkgo.42587,sample.ginkgo.30832451.experiment.ginkgo.42587,sample.ginkgo.30832452.experiment.ginkgo.42587,sample.ginkgo.30832453.experiment.ginkgo.42587,sample.ginkgo.30832454.experiment.ginkgo.42587,sample.ginkgo.30832455.experiment.ginkgo.42587,sample.ginkgo.30832456.experiment.ginkgo.42587,sample.ginkgo.30832457.experiment.ginkgo.42587,sample.ginkgo.30832458.experiment.ginkgo.42587,sample.ginkgo.30832459.experiment.ginkgo.42587,sample.ginkgo.30832460.experiment.ginkgo.42587,sample.ginkgo.30832461.experiment.ginkgo.42587,sample.ginkgo.30832462.experiment.ginkgo.42587,sample.ginkgo.30832463.experiment.ginkgo.42587,sample.ginkgo.30832464.experiment.ginkgo.42587,sample.ginkgo.30832465.experiment.ginkgo.42587,sample.ginkgo.30832466.experiment.ginkgo.42587,sample.ginkgo.30832467.experiment.ginkgo.42587,sample.ginkgo.30832468.experiment.ginkgo.42587,sample.ginkgo.30832469.experiment.ginkgo.42587,sample.ginkgo.30832470.experiment.ginkgo.42587,sample.ginkgo.30832471.experiment.ginkgo.42587,sample.ginkgo.30832472.experiment.ginkgo.42587,sample.ginkgo.30832473.experiment.ginkgo.42587,sample.ginkgo.30832474.experiment.ginkgo.42587,sample.ginkgo.30832475.experiment.ginkgo.42587,sample.ginkgo.30832476.experiment.ginkgo.42587,sample.ginkgo.30832477.experiment.ginkgo.42587,sample.ginkgo.30832478.experiment.ginkgo.42587,sample.ginkgo.30832479.experiment.ginkgo.42587,sample.ginkgo.30832480.experiment.ginkgo.42587,sample.ginkgo.30832481.experiment.ginkgo.42587,sample.ginkgo.30832482.experiment.ginkgo.42587,sample.ginkgo.30832483.experiment.ginkgo.42587,sample.ginkgo.30832484.experiment.ginkgo.42587,sample.ginkgo.30832485.experiment.ginkgo.42587,sample.ginkgo.30832486.experiment.ginkgo.42587,sample.ginkgo.30832487.experiment.ginkgo.42587,sample.ginkgo.30832488.experiment.ginkgo.42587,sample.ginkgo.30832489.experiment.ginkgo.42587,sample.ginkgo.30832490.experiment.ginkgo.42587,sample.ginkgo.30832491.experiment.ginkgo.42587,sample.ginkgo.30832492.experiment.ginkgo.42587,sample.ginkgo.30832493.experiment.ginkgo.42587,sample.ginkgo.30832494.experiment.ginkgo.42587,sample.ginkgo.30832495.experiment.ginkgo.42587,sample.ginkgo.30832496.experiment.ginkgo.42587,sample.ginkgo.30832497.experiment.ginkgo.42587,sample.ginkgo.30832498.experiment.ginkgo.42587,sample.ginkgo.30832499.experiment.ginkgo.42587,sample.ginkgo.30832500.experiment.ginkgo.42587,sample.ginkgo.30832501.experiment.ginkgo.42587,sample.ginkgo.30832502.experiment.ginkgo.42587,sample.ginkgo.30832503.experiment.ginkgo.42587,sample.ginkgo.30832504.experiment.ginkgo.42587,sample.ginkgo.30832505.experiment.ginkgo.42587,sample.ginkgo.30832506.experiment.ginkgo.42587,sample.ginkgo.30832507.experiment.ginkgo.42587,sample.ginkgo.30832508.experiment.ginkgo.42587,sample.ginkgo.30832509.experiment.ginkgo.42587,sample.ginkgo.30832510.experiment.ginkgo.42587,sample.ginkgo.30832511.experiment.ginkgo.42587,sample.ginkgo.30832512.experiment.ginkgo.42587,sample.ginkgo.30832513.experiment.ginkgo.42587,sample.ginkgo.30832514.experiment.ginkgo.42587,sample.ginkgo.30832515.experiment.ginkgo.42587,sample.ginkgo.30832516.experiment.ginkgo.42587,sample.ginkgo.30832517.experiment.ginkgo.42587,sample.ginkgo.30832518.experiment.ginkgo.42587,sample.ginkgo.30832519.experiment.ginkgo.42587,sample.ginkgo.30832520.experiment.ginkgo.42587,sample.ginkgo.30832521.experiment.ginkgo.42587,sample.ginkgo.30832522.experiment.ginkgo.42587,sample.ginkgo.30832523.experiment.ginkgo.42587,sample.ginkgo.30832524.experiment.ginkgo.42587,sample.ginkgo.30832525.experiment.ginkgo.42587,sample.ginkgo.30832526.experiment.ginkgo.42587,sample.ginkgo.30832527.experiment.ginkgo.42587,sample.ginkgo.30832528.experiment.ginkgo.42587,sample.ginkgo.30832529.experiment.ginkgo.42587,sample.ginkgo.30832530.experiment.ginkgo.42587,sample.ginkgo.30832531.experiment.ginkgo.42587,sample.ginkgo.30832532.experiment.ginkgo.42587,sample.ginkgo.30832533.experiment.ginkgo.42587,sample.ginkgo.30832534.experiment.ginkgo.42587,sample.ginkgo.30832535.experiment.ginkgo.42587,sample.ginkgo.30832536.experiment.ginkgo.42587,sample.ginkgo.30832537.experiment.ginkgo.42587,sample.ginkgo.30832538.experiment.ginkgo.42587,sample.ginkgo.30832539.experiment.ginkgo.42587,sample.ginkgo.30832540.experiment.ginkgo.42587,sample.ginkgo.30832541.experiment.ginkgo.42587,sample.ginkgo.30832542.experiment.ginkgo.42587,sample.ginkgo.30832543.experiment.ginkgo.42587,sample.ginkgo.30832544.experiment.ginkgo.42587,sample.ginkgo.30832545.experiment.ginkgo.42587,sample.ginkgo.30832546.experiment.ginkgo.42587,sample.ginkgo.30832547.experiment.ginkgo.42587,sample.ginkgo.30832548.experiment.ginkgo.42587,sample.ginkgo.30832549.experiment.ginkgo.42587,sample.ginkgo.30832550.experiment.ginkgo.42587,sample.ginkgo.30832551.experiment.ginkgo.42587,sample.ginkgo.30832552.experiment.ginkgo.42587,sample.ginkgo.30832553.experiment.ginkgo.42587,sample.ginkgo.30832554.experiment.ginkgo.42587,sample.ginkgo.30832555.experiment.ginkgo.42587,sample.ginkgo.30832556.experiment.ginkgo.42587,sample.ginkgo.30832557.experiment.ginkgo.42587,sample.ginkgo.30832558.experiment.ginkgo.42587,sample.ginkgo.30832559.experiment.ginkgo.42587,sample.ginkgo.30832560.experiment.ginkgo.42587,sample.ginkgo.30832561.experiment.ginkgo.42587,sample.ginkgo.30832562.experiment.ginkgo.42587,sample.ginkgo.30832563.experiment.ginkgo.42587,sample.ginkgo.30832564.experiment.ginkgo.42587,sample.ginkgo.30832565.experiment.ginkgo.42587,sample.ginkgo.30832566.experiment.ginkgo.42587,sample.ginkgo.30832567.experiment.ginkgo.42587,sample.ginkgo.30832568.experiment.ginkgo.42587,sample.ginkgo.30832569.experiment.ginkgo.42587,sample.ginkgo.30832570.experiment.ginkgo.42587,sample.ginkgo.30832571.experiment.ginkgo.42587,sample.ginkgo.30832572.experiment.ginkgo.42587,sample.ginkgo.30832573.experiment.ginkgo.42587,sample.ginkgo.30832574.experiment.ginkgo.42587,sample.ginkgo.30832575.experiment.ginkgo.42587,sample.ginkgo.30832576.experiment.ginkgo.42587,sample.ginkgo.30832577.experiment.ginkgo.42587,sample.ginkgo.30832578.experiment.ginkgo.42587,sample.ginkgo.30832579.experiment.ginkgo.42587,sample.ginkgo.30832580.experiment.ginkgo.42587,sample.ginkgo.30832581.experiment.ginkgo.42587,sample.ginkgo.30832582.experiment.ginkgo.42587,sample.ginkgo.30832583.experiment.ginkgo.42587,sample.ginkgo.30832584.experiment.ginkgo.42587,sample.ginkgo.30832585.experiment.ginkgo.42587,sample.ginkgo.30832586.experiment.ginkgo.42587,sample.ginkgo.30832587.experiment.ginkgo.42587,sample.ginkgo.30832588.experiment.ginkgo.42587,sample.ginkgo.30832589.experiment.ginkgo.42587,sample.ginkgo.30832590.experiment.ginkgo.42587,sample.ginkgo.30832591.experiment.ginkgo.42587,sample.ginkgo.30832592.experiment.ginkgo.42587,sample.ginkgo.30832593.experiment.ginkgo.42587,sample.ginkgo.30832594.experiment.ginkgo.42587,sample.ginkgo.30832595.experiment.ginkgo.42587,sample.ginkgo.30832596.experiment.ginkgo.42587,sample.ginkgo.30832597.experiment.ginkgo.42587,sample.ginkgo.30832598.experiment.ginkgo.42587,sample.ginkgo.30832599.experiment.ginkgo.42587,sample.ginkgo.30832600.experiment.ginkgo.42587,sample.ginkgo.30832601.experiment.ginkgo.42587,sample.ginkgo.30832602.experiment.ginkgo.42587,sample.ginkgo.30832603.experiment.ginkgo.42587,sample.ginkgo.30832604.experiment.ginkgo.42587,sample.ginkgo.30832605.experiment.ginkgo.42587,sample.ginkgo.30832606.experiment.ginkgo.42587,sample.ginkgo.30832607.experiment.ginkgo.42587,sample.ginkgo.30832608.experiment.ginkgo.42587,sample.ginkgo.30832609.experiment.ginkgo.42587,sample.ginkgo.30832610.experiment.ginkgo.42587,sample.ginkgo.30832611.experiment.ginkgo.42587,sample.ginkgo.30832612.experiment.ginkgo.42587,sample.ginkgo.30832613.experiment.ginkgo.42587,sample.ginkgo.30832614.experiment.ginkgo.42587,sample.ginkgo.30832615.experiment.ginkgo.42587,sample.ginkgo.30832616.experiment.ginkgo.42587,sample.ginkgo.30832617.experiment.ginkgo.42587,sample.ginkgo.30832618.experiment.ginkgo.42587,sample.ginkgo.30832619.experiment.ginkgo.42587,sample.ginkgo.30832620.experiment.ginkgo.42587,sample.ginkgo.30832621.experiment.ginkgo.42587,sample.ginkgo.30832622.experiment.ginkgo.42587,sample.ginkgo.30832623.experiment.ginkgo.42587,sample.ginkgo.30832624.experiment.ginkgo.42587,sample.ginkgo.30832625.experiment.ginkgo.42587,sample.ginkgo.30832626.experiment.ginkgo.42587,sample.ginkgo.30832627.experiment.ginkgo.42587,sample.ginkgo.30832628.experiment.ginkgo.42587,sample.ginkgo.30832629.experiment.ginkgo.42587,sample.ginkgo.30832630.experiment.ginkgo.42587,sample.ginkgo.30832631.experiment.ginkgo.42587,sample.ginkgo.30832632.experiment.ginkgo.42587,sample.ginkgo.30832633.experiment.ginkgo.42587,sample.ginkgo.30832634.experiment.ginkgo.42587,sample.ginkgo.30832635.experiment.ginkgo.42587,sample.ginkgo.30832636.experiment.ginkgo.42587,sample.ginkgo.30832637.experiment.ginkgo.42587,sample.ginkgo.30832638.experiment.ginkgo.42587,sample.ginkgo.30832639.experiment.ginkgo.42587,sample.ginkgo.30832640.experiment.ginkgo.42587,sample.ginkgo.30832641.experiment.ginkgo.42587,sample.ginkgo.30832642.experiment.ginkgo.42587,sample.ginkgo.30832643.experiment.ginkgo.42587,sample.ginkgo.30832644.experiment.ginkgo.42587,sample.ginkgo.30832645.experiment.ginkgo.42587,sample.ginkgo.30832646.experiment.ginkgo.42587,sample.ginkgo.30832647.experiment.ginkgo.42587,sample.ginkgo.30832648.experiment.ginkgo.42587,sample.ginkgo.30832649.experiment.ginkgo.42587,sample.ginkgo.30832650.experiment.ginkgo.42587,sample.ginkgo.30832651.experiment.ginkgo.42587,sample.ginkgo.30832652.experiment.ginkgo.42587,sample.ginkgo.30832653.experiment.ginkgo.42587,sample.ginkgo.30832654.experiment.ginkgo.42587,sample.ginkgo.30832655.experiment.ginkgo.42587,sample.ginkgo.30832656.experiment.ginkgo.42587,sample.ginkgo.30832657.experiment.ginkgo.42587,sample.ginkgo.30832658.experiment.ginkgo.42587,sample.ginkgo.30832659.experiment.ginkgo.42587,sample.ginkgo.30832660.experiment.ginkgo.42587,sample.ginkgo.30832661.experiment.ginkgo.42587,sample.ginkgo.30832662.experiment.ginkgo.42587,sample.ginkgo.30832663.experiment.ginkgo.42587,sample.ginkgo.30832664.experiment.ginkgo.42587,sample.ginkgo.30832665.experiment.ginkgo.42587,sample.ginkgo.30832666.experiment.ginkgo.42587,sample.ginkgo.30832667.experiment.ginkgo.42587,sample.ginkgo.30832668.experiment.ginkgo.42587,sample.ginkgo.30832669.experiment.ginkgo.42587,sample.ginkgo.30832670.experiment.ginkgo.42587,sample.ginkgo.30832671.experiment.ginkgo.42587,sample.ginkgo.30832672.experiment.ginkgo.42587,sample.ginkgo.30832673.experiment.ginkgo.42587,sample.ginkgo.30832674.experiment.ginkgo.42587,sample.ginkgo.30832675.experiment.ginkgo.42587,sample.ginkgo.30832676.experiment.ginkgo.42587,sample.ginkgo.30832677.experiment.ginkgo.42587,sample.ginkgo.30832678.experiment.ginkgo.42587,sample.ginkgo.30832679.experiment.ginkgo.42587,sample.ginkgo.30832680.experiment.ginkgo.42587,sample.ginkgo.30832681.experiment.ginkgo.42587,sample.ginkgo.30832682.experiment.ginkgo.42587,sample.ginkgo.30832683.experiment.ginkgo.42587,sample.ginkgo.30832684.experiment.ginkgo.42587,sample.ginkgo.30832685.experiment.ginkgo.42587,sample.ginkgo.30832686.experiment.ginkgo.42587,sample.ginkgo.30832687.experiment.ginkgo.42587,sample.ginkgo.30832688.experiment.ginkgo.42587,sample.ginkgo.30832689.experiment.ginkgo.42587,sample.ginkgo.30832690.experiment.ginkgo.42587,sample.ginkgo.30832691.experiment.ginkgo.42587,sample.ginkgo.30832692.experiment.ginkgo.42587,sample.ginkgo.30832693.experiment.ginkgo.42587,sample.ginkgo.30832694.experiment.ginkgo.42587,sample.ginkgo.30832695.experiment.ginkgo.42587,sample.ginkgo.30832696.experiment.ginkgo.42587,sample.ginkgo.30832697.experiment.ginkgo.42587,sample.ginkgo.30832698.experiment.ginkgo.42587,sample.ginkgo.30832699.experiment.ginkgo.42587,sample.ginkgo.30832700.experiment.ginkgo.42587,sample.ginkgo.30832701.experiment.ginkgo.42587,sample.ginkgo.30832702.experiment.ginkgo.42587,sample.ginkgo.30832703.experiment.ginkgo.42587,sample.ginkgo.30832704.experiment.ginkgo.42587,sample.ginkgo.30832705.experiment.ginkgo.42587,sample.ginkgo.30832706.experiment.ginkgo.42587,sample.ginkgo.30832707.experiment.ginkgo.42587,sample.ginkgo.30832708.experiment.ginkgo.42587,sample.ginkgo.30832709.experiment.ginkgo.42587,sample.ginkgo.30832710.experiment.ginkgo.42587,sample.ginkgo.30832711.experiment.ginkgo.42587,sample.ginkgo.30832712.experiment.ginkgo.42587,sample.ginkgo.30832713.experiment.ginkgo.42587,sample.ginkgo.30832714.experiment.ginkgo.42587,sample.ginkgo.30832715.experiment.ginkgo.42587,sample.ginkgo.30832716.experiment.ginkgo.42587,sample.ginkgo.30832717.experiment.ginkgo.42587,sample.ginkgo.30832718.experiment.ginkgo.42587,sample.ginkgo.30832719.experiment.ginkgo.42587,sample.ginkgo.30832720.experiment.ginkgo.42587,sample.ginkgo.30832721.experiment.ginkgo.42587,sample.ginkgo.30832722.experiment.ginkgo.42587,sample.ginkgo.30832723.experiment.ginkgo.42587,sample.ginkgo.30832724.experiment.ginkgo.42587,sample.ginkgo.30832725.experiment.ginkgo.42587,sample.ginkgo.30832726.experiment.ginkgo.42587,sample.ginkgo.30832727.experiment.ginkgo.42587,sample.ginkgo.30832728.experiment.ginkgo.42587,sample.ginkgo.30832729.experiment.ginkgo.42587,sample.ginkgo.30832730.experiment.ginkgo.42587,sample.ginkgo.30832731.experiment.ginkgo.42587,sample.ginkgo.30832732.experiment.ginkgo.42587,sample.ginkgo.30832733.experiment.ginkgo.42587,sample.ginkgo.30832734.experiment.ginkgo.42587,sample.ginkgo.30832735.experiment.ginkgo.42587,sample.ginkgo.30832736.experiment.ginkgo.42587,sample.ginkgo.30832737.experiment.ginkgo.42587,sample.ginkgo.30832738.experiment.ginkgo.42587,sample.ginkgo.30832739.experiment.ginkgo.42587,sample.ginkgo.30832740.experiment.ginkgo.42587
QC_%Q30_R1_NUM,0.989500673,0.990027231,0.988819257,0.989417758,0.9890226,0.989205709,0.989091526,0.988822948,0.990956567,0.98896998,0.989777085,0.988084405,0.989561738,0.98866081,0.98879157,0.989668315,0.989620252,0.988768243,0.989089804,0.989602138,0.991447481,0.987711671,0.988383681,0.989185108,0.989481719,0.990834192,0.988724218,0.989328039,0.988752622,0.987183417,0.990067115,0.989418649,0.988296578,0.988486638,0.988856647,0.985995851,0.989249567,0.989966934,0.989201331,0.988867062,0.988416744,0.989043114,0.989815938,0.989251407,0.990431232,0.988041997,0.989614673,0.98800728,0.989215307,0.990543207,0.988561359,0.98917338,0.990328476,0.989129185,0.988287495,0.990283118,0.989487592,0.988439108,0.987580838,0.989218041,0.990344406,0.99009104,0.988620366,0.989213041,0.990246295,0.989018335,0.990340784,0.989251998,0.988209578,0.989987212,0.987367217,0.988000513,0.988928063,0.989854847,0.98941552,0.989630681,0.98990172,0.989661775,0.988949991,0.98868609,0.989350889,0.989764485,0.988761363,0.99036681,0.990304587,0.989425232,0.988349217,0.98856121,0.989650894,0.988416809,0.989068053,0.988746943,0.989186678,0.989473801,0.989527471,0.989580078,0.98977172,0.989832247,0.989819987,0.989377287,0.990147681,0.98861398,0.988989699,0.988247351,0.990675818,0.988870146,0.990454929,0.988857906,0.989682902,0.989028625,0.989669275,0.989836638,0.98939223,0.989098173,0.989648708,0.988449696,0.989558883,0.99005956,0.98888197,0.991147264,0.98990943,0.989129283,0.989879901,0.988083449,0.989281487,0.989484686,0.989208566,0.990379799,0.98918195,0.989993492,0.988727383,0.988945554,0.989833547,0.988541835,0.988925273,0.988615691,0.990036939,0.987243137,0.989415146,0.989381151,0.989728427,0.988437999,0.989356752,0.989004421,0.987578753,0.989903501,0.989370496,0.990120121,0.990243177,0.988915679,0.988558071,0.990168409,0.988814763,0.98830638,0.990189424,0.989713193,0.990000383,0.989809516,0.988281064,0.988016463,0.989871239,0.988343308,0.989319814,0.9884788,0.989336185,0.989281715,0.988447406,0.989294833,0.990712116,0.990111263,0.989739634,0.989460283,0.990576473,0.989253539,0.989314776,0.988514425,0.989499862,0.989475149,0.989637711,0.989481467,0.172413793,0.990698216,0.989142716,0.989556575,0.989118026,0.989294901,0.988603624,0.989948402,0.989098231,0.98913203,0.989712774,0.98957456,0.989784142,0.988485853,0.988467744,0.988769216,0.989019479,0.988284587,0.989090671,0.989091274,0.989019736,0.988183121,0.988884596,0.989282344,0.989633709,0.988354423,0.98772427,0.989646815,0.99014909,0.989495316,0.989311116,0.986641396,0.988846058,0.988881335,0.988617558,0.989583555,0.989763967,0.989409143,0.988002181,0.988774664,0.989370867,0.989032316,0.988975657,0.986918537,0.987840312,0.989193587,0.98986158,0.988797297,0.988775765,0.988306247,0.990232068,0.98958055,0.989661648,0.98869708,0.98868617,0.984322966,0.989178483,0.989482983,0.988750119,0.989074284,0.977162872,0.981919643,0.989030097,0.988788857,0.988546679,0.988318101,0.988529431,0.984847529,0.988704173,0.988613079,0.988822597,0.988614603,0.990409542,0.98914787,0.989266846,0.9887467,0.988618923,0.989029278,0.989106443,0.989874121,0.989078161,0.989475336,0.989284231,0.988863355,0.988064314,0.989142961,0.988545813,0.988542453,0.988559524,0.987986729,0.989543297,0.990318337,0.988716847,0.989265494,0.988890673,0.988285305,0.989398726,0.989933131,0.988439937,0.989448226,0.98942344,0.988928496,0.988556964,0.989615272,0.988322064,0.988920156,0.988933704,0.989276112,0.989578144,0.988717617,0.989765433,0.98795717,0.989072338,0.989168668,0.989642074,0.988842486,0.988996075,0.988279112,0.990014742,0.989000671,0.987869322,0.988983276,0.988500939,0.989785677,0.989287706,0.990077953,0.986047799,0.990980089,0.98967391,0.989025367,0.988661782,0.988682982,0.989147813,0.9887087,0.988403679,0.990172293,0.991115418,0.989492538,0.989032637,0.989457891,0.989348401,0.989548077,0.989171193,0.988637556,0.988725958,0.990152189,0.989569064,0.988729432,0.990027272,0.98971355,0.990163579,0.989381923,0.991343654,0.989454743,0.989743316,0.988507442,0.989039748,0.989104065,0.989700133,0.988649415,0.98829949,0.988699405,0.989539525,0.989070518,0.989485379,0.989446875,0.990169847,0.989381982,0.987893224,0.989597812,0.990931243,0.989580639,0.989464534,0.990554561,0.990240281,0.988420438,0.98945991,0.988967522,0.990681371,0.989184474,0.987675664,0.988972302,0.989450816,0.989409351,0.98942514,0.989645542,0.989377483,0.988301385,0.991816224,0.990111294,0.990123616,0.98958487,0.986281795,0.987232134,0.989325124,0.988888138,0.988157355,0.989713736,0.989714557,0.990775371,0.988617724,0.988976309,0.989297313,0.990643985
QC_%Q30_R2_NUM,0.974024686,0.976203971,0.977923997,0.975726588,0.970861391,0.97764058,0.977547874,0.978414187,0.963847605,0.979191371,0.975512735,0.977743176,0.972234328,0.972989913,0.978649444,0.978635991,0.975842679,0.970932131,0.973787504,0.977361933,0.958015666,0.972474756,0.979774991,0.971311029,0.972262941,0.971775173,0.97674832,0.977941466,0.97765156,0.983443806,0.970371805,0.967340907,0.978618163,0.977292876,0.975398392,0.959154564,0.976418269,0.975874354,0.97863504,0.977331627,0.979745008,0.974062208,0.970207339,0.973603436,0.96063967,0.971638932,0.967416352,0.973843396,0.9751482,0.97463318,0.973063309,0.976746447,0.968952589,0.973324712,0.977626516,0.974918996,0.976431724,0.978551842,0.973337909,0.971584145,0.97078509,0.974864584,0.978868778,0.976200271,0.971471813,0.971347167,0.973447954,0.976236814,0.974567841,0.969941282,0.968485047,0.970251756,0.975634659,0.972910452,0.972256924,0.97380784,0.970487822,0.978365763,0.975750912,0.9762902,0.97481001,0.973186126,0.969729231,0.972597608,0.972232103,0.975762487,0.973468346,0.976688845,0.971020956,0.973157135,0.975136777,0.972713515,0.972694916,0.9769886,0.971408799,0.972571584,0.97597958,0.975336414,0.973728128,0.97204276,0.975324091,0.979080381,0.974978014,0.973258231,0.969744245,0.975093202,0.97645981,0.971171935,0.977070857,0.978363362,0.973313535,0.977499971,0.973463933,0.97269687,0.973612702,0.978906389,0.970829191,0.969434241,0.978296014,0.966180336,0.978767408,0.977232814,0.972686309,0.975056451,0.97786198,0.969840775,0.977426088,0.975998383,0.978073513,0.967867561,0.973629648,0.973480505,0.975204667,0.973247832,0.973049555,0.980170074,0.978355317,0.978015435,0.978918845,0.97672251,0.975945461,0.972673123,0.970525834,0.974937976,0.973351531,0.976292937,0.969857485,0.976017131,0.974472621,0.968614333,0.976411864,0.976467315,0.979984067,0.976228629,0.978057137,0.971951244,0.973636793,0.975964927,0.980025387,0.982101454,0.975417299,0.980610253,0.97240403,0.977026859,0.972862446,0.978060715,0.97539901,0.968746832,0.976632422,0.971264727,0.978943099,0.975539544,0.977769042,0.973091919,0.982638271,0.97918091,0.971580192,0.974533184,0.971418905,0.973247835,0.137931034,0.978185228,0.974015259,0.983037656,0.972829126,0.978037605,0.978501685,0.972645668,0.974018374,0.966295073,0.974944887,0.969837177,0.970293126,0.977040209,0.975905943,0.972548041,0.973431523,0.963377793,0.977709889,0.975766009,0.975951091,0.979002039,0.976098279,0.976604208,0.968040084,0.975482759,0.976278807,0.972961002,0.976834103,0.975424042,0.975941687,0.971923404,0.975857609,0.978698938,0.977641799,0.979665235,0.970450329,0.975281819,0.977152113,0.980153457,0.975105706,0.977813767,0.978309503,0.968886535,0.978771581,0.972647758,0.97361595,0.971699151,0.973740915,0.976214661,0.973950518,0.97376299,0.969928057,0.972719534,0.972647901,0.969180019,0.972772676,0.976552925,0.975302792,0.975436722,0.894117256,0.931274802,0.969385784,0.965618243,0.971230588,0.973681929,0.970000032,0.949423233,0.969031589,0.972844846,0.976405649,0.97413672,0.969316558,0.973960107,0.969035719,0.964826223,0.976736602,0.972484082,0.978973885,0.971093819,0.97540612,0.973522801,0.97659505,0.96632674,0.968097115,0.964815822,0.976649805,0.972754578,0.976318788,0.973301767,0.973456655,0.960427563,0.976234688,0.969728641,0.977311998,0.975155699,0.974108569,0.980540326,0.980827596,0.97600656,0.973491832,0.976106607,0.965562603,0.972857543,0.97163637,0.975109823,0.967743466,0.968413274,0.973386417,0.977067556,0.975145343,0.978466332,0.977628609,0.976151738,0.975717933,0.976875419,0.978830683,0.978188713,0.976360504,0.972569025,0.978439405,0.978497478,0.979713722,0.971783989,0.982334941,0.973589835,0.976450262,0.976248101,0.971483344,0.974891761,0.977132469,0.975006978,0.974823771,0.976399842,0.977164511,0.974901169,0.977053799,0.978725632,0.976398125,0.976087016,0.976252564,0.972446569,0.979954296,0.980086256,0.978547265,0.957335183,0.978324089,0.972193343,0.97938585,0.972899918,0.970336425,0.973013789,0.976670355,0.971148155,0.979131383,0.974545694,0.982408501,0.974729607,0.974363078,0.974822167,0.981020725,0.977534721,0.971377675,0.979077465,0.976856026,0.978539883,0.975759681,0.974212104,0.978126057,0.97755546,0.966680879,0.975458237,0.979324264,0.967049993,0.973190451,0.974325848,0.983733689,0.974337174,0.974596283,0.977212089,0.976522418,0.975136498,0.978915365,0.975056955,0.977096832,0.976392838,0.97557046,0.980939256,0.974012922,0.973334132,0.972916629,0.976790435,0.974849957,0.979100727,0.975532459,0.981287764,0.980276645,0.975368895,0.976837007,0.961170273,0.978013212,0.976560799,0.974574688,0.974776102
QC_%mapped_reads_NUM,0.9954,0.9959,0.9947,0.9982,0.9972,0.9972,0.9982,0.9986,0.9983,0.9978,0.9978,0.996,0.9944,0.9784,0.9946,0.9978,0.9977,0.9971,0.9978,0.9977,0.9972,0.9953,0.9973,0.9939,0.9935,0.9921,0.9933,0.9984,0.9981,0.9975,0.9984,0.9969,0.9984,0.9967,0.9967,0.9708,0.9948,0.9914,0.9932,0.9985,,0.9976,0.9966,0.9973,0.9968,0.9945,0.9952,0.9931,0.9925,0.9926,0.993,0.9982,0.9978,0.9978,0.9979,0.9978,0.9979,0.9971,0.9948,0.9951,0.9902,0.9897,0.9879,0.9978,0.9982,0.9961,0.9982,0.998,0.9962,0.997,0.9931,0.9938,0.9965,0.9945,0.9861,0.9982,0.9978,0.9989,0.9978,0.9972,0.9979,0.9957,0.9964,0.9959,0.9915,0.9927,0.9688,0.9979,0.9974,0.9971,0.9972,0.9969,0.9973,0.9966,0.9972,0.9977,0.9972,0.9967,0.9974,0.9969,0.9975,0.9963,0.9974,0.9969,0.9964,0.9967,0.9976,0.9939,0.9974,0.9979,0.9981,0.9976,0.9972,0.9966,0.9971,0.9968,0.9971,0.9967,0.997,0.9948,0.9984,0.9974,0.998,0.9968,0.998,0.9966,0.9979,0.9961,0.9971,0.9954,0.9962,0.9942,0.9964,0.9962,0.9967,0.9973,0.998,0.997,0.998,0.9965,0.9972,0.9961,0.9954,0.9945,0.9933,0.997,0.9972,0.9982,0.998,0.9948,0.9978,0.9971,0.9976,0.9962,0.9968,0.9967,0.997,0.9972,0.9971,0.998,0.9982,0.9975,0.9967,0.9966,0.9968,0.997,0.996,0.9945,0.9968,0.9971,0.9979,0.998,0.9985,0.9968,0.9973,0.997,0.9972,0.9962,0.9954,0.9951,0.1552,0.998,0.998,0.9976,0.9979,0.9977,0.9981,0.9971,0.9972,0.9895,0.9971,0.9947,0.9953,0.9978,0.9949,0.9955,0.9956,0.9925,0.9978,0.9965,0.9981,0.9956,0.9967,0.9967,0.9951,0.9962,0.9943,0.9962,0.9962,0.9969,0.9967,0.992,0.9976,0.9963,0.997,0.9972,0.9962,0.9962,0.9962,0.9972,0.9962,0.9973,0.9977,0.9913,0.9971,0.9957,0.9966,0.9946,0.9939,0.9961,0.9975,0.9972,0.9966,0.9964,0.9949,0.9901,0.9966,0.9954,0.9963,0.9964,0.8395,0.8872,0.9932,0.9938,0.9953,0.9944,0.9958,0.9748,0.9938,0.9932,0.9972,0.994,0.9956,0.9964,0.9946,0.9933,0.9967,0.996,0.9976,0.9971,0.9965,0.9942,0.9975,0.9926,0.9907,0.9952,0.9967,0.994,0.9972,0.9942,0.9972,0.9957,0.9972,0.9957,0.998,0.9973,0.9962,0.9983,0.9978,0.9987,0.9975,0.9976,0.9917,0.9974,0.9935,0.9962,0.9948,0.9952,0.9961,0.9977,0.9971,0.9964,0.9971,0.9972,0.9958,0.9958,0.9981,0.9968,0.9965,0.996,0.9936,0.9881,0.9972,0.997,0.9981,0.9972,0.9931,0.9968,0.9977,0.9962,0.9977,0.9961,0.9948,0.9962,0.996,0.9957,0.9974,0.9971,0.9969,0.9971,0.9975,0.9972,0.9972,0.9968,0.9956,0.9941,0.9965,0.9968,0.9977,0.9975,0.9975,0.9974,0.9982,0.996,0.997,0.9957,0.9966,0.9975,0.9967,0.9964,0.9971,0.9965,0.9971,0.9977,0.9974,0.9968,0.9962,0.9974,0.995,0.9961,0.9952,0.9974,0.9972,0.9962,0.9975,0.9956,0.9975,0.9969,0.9976,0.9968,0.9909,0.9968,0.9971,0.9978,0.9967,0.9958,0.9975,0.9983,0.9875,0.9967,0.9971,0.9975,0.9811,0.9946,0.9948,0.9974,0.9952,0.997,0.9968,0.9957,0.9957,0.9959,0.9969,0.9963
QC_H2O_NUM,,,,,,,,,,,,,,,,,,,,,,,,,,,,,,,,,,,,,,,,,,,,,,,,,,,,,,,,,,,,,,,,,,,,,,,,,,,,,,,,,,,,,,,,,,,,,,,,,,,,,,,,,,,,,,,,,,,,,,,,,,,,,,,,,,,,,,,,,,,,,,,,,,,,,,,,,,,,,,,,,,,,,,,,,,,,,,,,,,,,,,,,,,,,,,,,,,,,,,,,,,,,,,,,,,,,,,,,,,,,,,,,,,,,,,,,,,,,,,,,,,,,,,,,,,,,,,,,,,,,,,,,,,,,,,,,,,,,,,,,,,,,,,,,,,,,,,,,,,,,,,,,,,,,,,,,,,,,,,,,,,,,,,,,,,,,,,,,,,,,,,,,,,,,,,,,,,,,,,,,,,,,,,,,,,,,,,,,,,,,,,,,
QC_RQN_NUM,,,,,,,,,,,,,,,,,,,,,,,,,,,,,,,,,,,,,,,,,,,,,,,,,,,,,,,,,,,,,,,,,,,,,,,,,,,,,,,,,,,,,,,,,,,,,,,,,,,,,,,,,,,,,,,,,,,,,,,,,,,,,,,,,,,,,,,,,,,,,,,,,,,,,,,,,,,,,,,,,,,,,,,,,,,,,,,,,,,,,,,,,,,,,,,,,,,,,,,,,,,,,,,,,,,,,,,,,,,,,,,,,,,,,,,,,,,,,,,,,,,,,,,,,,,,,,,,,,,,,,,,,,,,,,,,,,,,,,,,,,,,,,,,,,,,,,,,,,,,,,,,,,,,,,,,,,,,,,,,,,,,,,,,,,,,,,,,,,,,,,,,,,,,,,,,,,,,,,,,,,,,,,,,,,,,,,,,,,,,,,,,
QC_input_rRNA_depletion_ng_NUM,,,,,,,,,,,,,,,,,,,,,,,,,,,,,,,,,,,,,,,,,,,,,,,,,,,,,,,,,,,,,,,,,,,,,,,,,,,,,,,,,,,,,,,,,,,,,,,,,,,,,,,,,,,,,,,,,,,,,,,,,,,,,,,,,,,,,,,,,,,,,,,,,,,,,,,,,,,,,,,,,,,,,,,,,,,,,,,,,,,,,,,,,,,,,,,,,,,,,,,,,,,,,,,,,,,,,,,,,,,,,,,,,,,,,,,,,,,,,,,,,,,,,,,,,,,,,,,,,,,,,,,,,,,,,,,,,,,,,,,,,,,,,,,,,,,,,,,,,,,,,,,,,,,,,,,,,,,,,,,,,,,,,,,,,,,,,,,,,,,,,,,,,,,,,,,,,,,,,,,,,,,,,,,,,,,,,,,,,,,,,,,,
QC_input_rRNA_depletion_ng_uL_NUM,,,,,,,,,,,,,,,,,,,,,,,,,,,,,,,,,,,,,,,,,,,,,,,,,,,,,,,,,,,,,,,,,,,,,,,,,,,,,,,,,,,,,,,,,,,,,,,,,,,,,,,,,,,,,,,,,,,,,,,,,,,,,,,,,,,,,,,,,,,,,,,,,,,,,,,,,,,,,,,,,,,,,,,,,,,,,,,,,,,,,,,,,,,,,,,,,,,,,,,,,,,,,,,,,,,,,,,,,,,,,,,,,,,,,,,,,,,,,,,,,,,,,,,,,,,,,,,,,,,,,,,,,,,,,,,,,,,,,,,,,,,,,,,,,,,,,,,,,,,,,,,,,,,,,,,,,,,,,,,,,,,,,,,,,,,,,,,,,,,,,,,,,,,,,,,,,,,,,,,,,,,,,,,,,,,,,,,,,,,,,,,,
QC_input_rRNA_depletion_uL_NUM,,,,,,,,,,,,,,,,,,,,,,,,,,,,,,,,,,,,,,,,,,,,,,,,,,,,,,,,,,,,,,,,,,,,,,,,,,,,,,,,,,,,,,,,,,,,,,,,,,,,,,,,,,,,,,,,,,,,,,,,,,,,,,,,,,,,,,,,,,,,,,,,,,,,,,,,,,,,,,,,,,,,,,,,,,,,,,,,,,,,,,,,,,,,,,,,,,,,,,,,,,,,,,,,,,,,,,,,,,,,,,,,,,,,,,,,,,,,,,,,,,,,,,,,,,,,,,,,,,,,,,,,,,,,,,,,,,,,,,,,,,,,,,,,,,,,,,,,,,,,,,,,,,,,,,,,,,,,,,,,,,,,,,,,,,,,,,,,,,,,,,,,,,,,,,,,,,,,,,,,,,,,,,,,,,,,,,,,,,,,,,,,
QC_library_conc_nM_NUM,,,,,,,,,,,,,,,,,,,,,,,,,,,,,,,,,,,,,,,,,,,,,,,,,,,,,,,,,,,,,,,,,,,,,,,,,,,,,,,,,,,,,,,,,,,,,,,,,,,,,,,,,,,,,,,,,,,,,,,,,,,,,,,,,,,,,,,,,,,,,,,,,,,,,,,,,,,,,,,,,,,,,,,,,,,,,,,,,,,,,,,,,,,,,,,,,,,,,,,,,,,,,,,,,,,,,,,,,,,,,,,,,,,,,,,,,,,,,,,,,,,,,,,,,,,,,,,,,,,,,,,,,,,,,,,,,,,,,,,,,,,,,,,,,,,,,,,,,,,,,,,,,,,,,,,,,,,,,,,,,,,,,,,,,,,,,,,,,,,,,,,,,,,,,,,,,,,,,,,,,,,,,,,,,,,,,,,,,,,,,,,,
QC_mapped_reads_BOOL,TRUE,TRUE,TRUE,TRUE,TRUE,TRUE,TRUE,TRUE,TRUE,TRUE,TRUE,TRUE,TRUE,TRUE,TRUE,TRUE,TRUE,TRUE,TRUE,TRUE,TRUE,TRUE,TRUE,TRUE,TRUE,TRUE,TRUE,TRUE,TRUE,TRUE,TRUE,TRUE,TRUE,TRUE,TRUE,FALSE,TRUE,TRUE,TRUE,TRUE,FALSE,TRUE,TRUE,TRUE,TRUE,TRUE,TRUE,TRUE,TRUE,TRUE,TRUE,TRUE,TRUE,TRUE,TRUE,TRUE,TRUE,TRUE,TRUE,TRUE,TRUE,TRUE,TRUE,TRUE,TRUE,FALSE,TRUE,TRUE,TRUE,TRUE,TRUE,FALSE,TRUE,TRUE,TRUE,TRUE,TRUE,TRUE,TRUE,TRUE,TRUE,TRUE,TRUE,TRUE,TRUE,TRUE,TRUE,TRUE,TRUE,TRUE,TRUE,TRUE,TRUE,TRUE,TRUE,TRUE,TRUE,TRUE,TRUE,TRUE,TRUE,TRUE,TRUE,TRUE,TRUE,TRUE,TRUE,TRUE,TRUE,TRUE,TRUE,TRUE,TRUE,TRUE,TRUE,TRUE,TRUE,TRUE,TRUE,TRUE,TRUE,TRUE,TRUE,TRUE,TRUE,TRUE,TRUE,TRUE,TRUE,TRUE,TRUE,TRUE,TRUE,TRUE,TRUE,TRUE,TRUE,TRUE,TRUE,TRUE,TRUE,TRUE,TRUE,TRUE,FALSE,TRUE,TRUE,TRUE,FALSE,TRUE,TRUE,TRUE,TRUE,TRUE,TRUE,TRUE,FALSE,TRUE,TRUE,TRUE,TRUE,TRUE,TRUE,TRUE,TRUE,TRUE,TRUE,TRUE,TRUE,TRUE,TRUE,TRUE,TRUE,TRUE,TRUE,TRUE,TRUE,TRUE,TRUE,TRUE,FALSE,TRUE,TRUE,TRUE,TRUE,TRUE,TRUE,TRUE,TRUE,FALSE,TRUE,TRUE,TRUE,TRUE,TRUE,TRUE,TRUE,TRUE,TRUE,TRUE,TRUE,TRUE,TRUE,TRUE,TRUE,TRUE,TRUE,TRUE,TRUE,TRUE,TRUE,FALSE,TRUE,TRUE,TRUE,TRUE,TRUE,TRUE,TRUE,TRUE,TRUE,TRUE,TRUE,TRUE,TRUE,TRUE,TRUE,TRUE,TRUE,TRUE,TRUE,TRUE,TRUE,TRUE,TRUE,FALSE,TRUE,TRUE,TRUE,TRUE,FALSE,FALSE,TRUE,FALSE,TRUE,TRUE,TRUE,TRUE,TRUE,TRUE,TRUE,TRUE,TRUE,TRUE,TRUE,FALSE,TRUE,TRUE,TRUE,TRUE,TRUE,TRUE,TRUE,TRUE,TRUE,TRUE,TRUE,TRUE,TRUE,TRUE,TRUE,TRUE,TRUE,TRUE,TRUE,TRUE,TRUE,TRUE,TRUE,TRUE,TRUE,TRUE,TRUE,TRUE,TRUE,FALSE,TRUE,TRUE,TRUE,TRUE,TRUE,FALSE,TRUE,TRUE,TRUE,TRUE,TRUE,TRUE,TRUE,TRUE,TRUE,FALSE,TRUE,TRUE,TRUE,TRUE,TRUE,TRUE,TRUE,TRUE,TRUE,TRUE,TRUE,TRUE,TRUE,FALSE,TRUE,TRUE,TRUE,TRUE,TRUE,TRUE,TRUE,TRUE,TRUE,FALSE,TRUE,TRUE,TRUE,TRUE,TRUE,TRUE,TRUE,TRUE,TRUE,TRUE,FALSE,TRUE,TRUE,TRUE,TRUE,TRUE,TRUE,TRUE,FALSE,TRUE,TRUE,TRUE,FALSE,TRUE,TRUE,TRUE,TRUE,FALSE,TRUE,TRUE,FALSE,TRUE,TRUE,TRUE,FALSE,TRUE,TRUE,TRUE,TRUE,FALSE,TRUE,TRUE,FALSE,TRUE,TRUE,TRUE,FALSE,TRUE,TRUE,TRUE,FALSE,TRUE,TRUE,TRUE,FALSE,TRUE,TRUE,TRUE
QC_mapped_reads_NUM,11984902,11250245,6678036,13611365,10184256,4718067,5837847,3422661,4138247,10641039,4350331,1730200,8018444,1475118,9058706,15058888,9824599,32157325,10972445,9072635,7206942,1952685,4680948,3987804,7834826,3602901,6795682,12791204,9768687,8794145,10315030,13211929,7848919,3602231,3502774,14985,6639336,4034924,4502689,3329709,,4260800,6266101,5791110,8319741,1391586,3641711,5763407,5913665,3620882,3962263,5085738,8407922,8926914,5327911,9370912,9340002,1861000,4918986,2744917,3438753,3644194,2963588,3234399,11618167,433441,5841140,6334524,895133,2361986,609806,341990,4061602,3547006,3485633,12470418,7916834,8850602,3407464,8128356,13531071,5280151,6341542,4369369,2641477,2914314,1139496,8808703,8535890,7711679,1176779,11027659,9932842,3414000,13677447,2488724,5722567,5889958,4303907,2624471,5320200,1790021,3970926,1237268,3409837,5069079,3510543,5070609,2165839,4528316,4043798,4498701,2588453,2288349,2929244,1490547,4023797,4186252,3152126,5472822,3702105,4092022,4641505,2975158,4769079,4583781,3218712,1820430,3182628,3302548,4414750,8813407,3608291,2596895,1755182,2731112,3756440,2306427,3625493,1777301,4416348,3051164,6374055,2568767,144575,2252977,3505854,2874266,405967,3394520,4050051,2134813,4305857,4444985,6153980,3460349,313461,4307918,3281361,885919,7468608,3491290,4564908,577587,3857262,2648754,6877620,4682882,3563993,1827561,7169951,2852686,18632993,2026437,1990308,673150,3170498,5653524,4565405,6057444,9,6228366,2387737,546435,5407291,3400545,4681753,613659,5403362,432001,4521629,4091676,4603933,9649921,5993660,5853108,12631721,8674787,10511767,9815876,11996666,2669321,6465859,4710222,7525082,6741619,1685713,10700094,9674667,11301536,599746,151841,13787904,5584721,4282850,2358727,5653038,7315652,13681283,10976991,14623645,7616627,14457022,6702329,15708639,1927234,2304987,1615962,4774874,1421867,6870245,1463759,13956119,8917045,2401373,63055,10395178,1726139,5399475,1404437,420514,75544,4210776,433343,9274298,3506204,8216418,1013345,1758976,1598863,2103374,2545817,1924084,7644996,5064370,415628,13638960,4667082,17393467,11095300,11065093,1741156,673937,3880756,1528768,8107712,7205088,943526,8970581,10561940,6565998,3036034,13497937,3785283,8451667,3249120,807110,3773704,12415812,12871271,8473825,12083680,9490273,12285424,5652168,214676,16364060,3673617,510206,2231496,1191478,403430,2700925,2352844,2738604,1092532,1667065,863245,2082431,1534191,2372218,14894,1910060,853764,2089403,2977304,902727,1879396,2735678,1094803,2474450,523380,947580,1287551,1353648,486715,891017,1286502,3095545,1991083,2109615,1228423,1296394,1247791,2345194,369534,712859,836845,765847,2458205,2860887,1863031,1680920,1435946,3093917,638620,304863,1052697,550561,847720,1467923,2215109,1660031,1654589,374525,865451,2043254,2473012,141408,1152927,906435,911406,2813144,348438,3290493,1809703,166421,1495400,3981883,1180401,71112,1457192,731937,1067851,1410002,397748,2517368,1990770,13758,1481105,3232997,1245007,6869,540201,1322193,1970386,463223,2134296,1747664,1282617,400523,2035631,2990156,602856
QC_total_RNA_conc_ng_ul_NUM,,,,,,,,,,,,,,,,,,,,,,,,,,,,,,,,,,,,,,,,,,,,,,,,,,,,,,,,,,,,,,,,,,,,,,,,,,,,,,,,,,,,,,,,,,,,,,,,,,,,,,,,,,,,,,,,,,,,,,,,,,,,,,,,,,,,,,,,,,,,,,,,,,,,,,,,,,,,,,,,,,,,,,,,,,,,,,,,,,,,,,,,,,,,,,,,,,,,,,,,,,,,,,,,,,,,,,,,,,,,,,,,,,,,,,,,,,,,,,,,,,,,,,,,,,,,,,,,,,,,,,,,,,,,,,,,,,,,,,,,,,,,,,,,,,,,,,,,,,,,,,,,,,,,,,,,,,,,,,,,,,,,,,,,,,,,,,,,,,,,,,,,,,,,,,,,,,,,,,,,,,,,,,,,,,,,,,,,,,,,,,,,
QC_trimmed_reads_R1_NUM,6007242,5629931,3345216,6779187,5092007,2361063,2915715,1710290,2062270,5303617,2170516,867015,4022413,753052,4538102,7504584,4906670,16062581,5473687,4530643,3593912,977757,2337057,2001222,3935529,1814679,3409431,6372681,4866201,4394307,5133151,6601898,3907148,1799127,1753422,7712,3328424,2030785,2259260,1664610,1941941,2129711,3136175,2896286,4154767,698528,1820453,2893839,2974030,1820173,1988960,2540128,4199545,4460383,2662795,4683704,4657829,932108,2462485,1376837,1732985,1836015,1498115,1616489,5797284,216907,2917214,3162076,448330,1179192,305950,171674,2034242,1777992,1763431,6215066,3955723,4426872,1703528,4063847,6736525,2644713,3172004,2188787,1329701,1464713,587600,4396007,4267325,3855587,589465,5509614,4965449,1709544,6830633,1244731,2855612,2936637,2145184,1309929,2649021,895045,1977421,617648,1703742,2517104,1744251,2530763,1082378,2260610,2013605,2241286,1291789,1142836,1459528,744396,2008789,2078077,1567454,2731133,1842215,2038504,2316677,1481385,2372344,2283812,1599324,910272,1587532,1650326,2194965,4402120,1801710,1296979,875236,1360469,1869004,1148715,1806827,888326,2204823,1524909,3174407,1286608,72537,1126331,1745707,1425726,201705,1699247,2011986,1067579,2146490,2215396,3064550,1723178,156506,2150732,1638630,442941,3699268,1742261,2261852,288772,1925671,1320827,3428927,2337843,1781999,913059,3567904,1419393,9213323,1013636,994083,336422,1579884,2810206,2275945,3023045,29,3101018,1187774,273665,2671758,1696855,2326880,306021,2689747,217980,2246767,2042216,2305729,4773519,2996465,2913599,6256625,4213509,5188220,4868121,5888292,1334701,3206631,2346875,3761712,3328474,835877,5309960,4806764,5587412,300312,76505,6766397,2780190,2129420,1176409,2813297,3613494,6765396,5431374,7227118,3778920,7068902,3359028,7729968,963687,1150771,809269,2389116,708840,3405634,729885,6880400,4431156,1200566,31830,5143179,864884,2680384,702105,240398,40320,2096281,217819,4584522,1753054,4072771,491273,883158,801358,1023762,1274703,962832,3754931,2490321,207939,6703320,2322910,8515125,5478932,5483234,872902,336980,1948163,770714,3999525,3560270,474098,4479796,5246115,3232185,1515752,6653016,1890632,4167489,1613529,404574,1860360,6117960,6292970,4193613,5931263,4746555,6057742,2830209,107673,8092500,1830959,254945,1106947,594456,202195,1340909,1169016,1364752,544745,825251,429319,1036528,764683,1187073,7534,951382,426460,1036566,1480642,451470,936262,1355208,544164,1224531,261553,474098,641733,674783,243597,443690,639831,1535556,988417,1046134,610414,644577,619321,1166751,184508,356248,416483,381340,1217524,1412709,921730,833146,713022,1536949,318728,152460,523498,274955,423150,730481,1096314,821282,819069,186312,429541,1019211,1226971,70952,575552,452653,452331,1394243,174264,1625764,900984,83301,740994,1966169,586934,35864,722907,364104,529807,701475,199431,1245091,980287,6965,734272,1600687,616987,3499,269818,661366,976794,231705,1058499,867634,637424,200575,1010188,1477386,299914
QC_trimmed_reads_R2_NUM,6007242,5629931,3345216,6779187,5092007,2361063,2915715,1710290,2062270,5303617,2170516,867015,4022413,753052,4538102,7504584,4906670,16062581,5473687,4530643,3593912,977757,2337057,2001222,3935529,1814679,3409431,6372681,4866201,4394307,5133151,6601898,3907148,1799127,1753422,7712,3328424,2030785,2259260,1664610,1941941,2129711,3136175,2896286,4154767,698528,1820453,2893839,2974030,1820173,1988960,2540128,4199545,4460383,2662795,4683704,4657829,932108,2462485,1376837,1732985,1836015,1498115,1616489,5797284,216907,2917214,3162076,448330,1179192,305950,171674,2034242,1777992,1763431,6215066,3955723,4426872,1703528,4063847,6736525,2644713,3172004,2188787,1329701,1464713,587600,4396007,4267325,3855587,589465,5509614,4965449,1709544,6830633,1244731,2855612,2936637,2145184,1309929,2649021,895045,1977421,617648,1703742,2517104,1744251,2530763,1082378,2260610,2013605,2241286,1291789,1142836,1459528,744396,2008789,2078077,1567454,2731133,1842215,2038504,2316677,1481385,2372344,2283812,1599324,910272,1587532,1650326,2194965,4402120,1801710,1296979,875236,1360469,1869004,1148715,1806827,888326,2204823,1524909,3174407,1286608,72537,1126331,1745707,1425726,201705,1699247,2011986,1067579,2146490,2215396,3064550,1723178,156506,2150732,1638630,442941,3699268,1742261,2261852,288772,1925671,1320827,3428927,2337843,1781999,913059,3567904,1419393,9213323,1013636,994083,336422,1579884,2810206,2275945,3023045,29,3101018,1187774,273665,2671758,1696855,2326880,306021,2689747,217980,2246767,2042216,2305729,4773519,2996465,2913599,6256625,4213509,5188220,4868121,5888292,1334701,3206631,2346875,3761712,3328474,835877,5309960,4806764,5587412,300312,76505,6766397,2780190,2129420,1176409,2813297,3613494,6765396,5431374,7227118,3778920,7068902,3359028,7729968,963687,1150771,809269,2389116,708840,3405634,729885,6880400,4431156,1200566,31830,5143179,864884,2680384,702105,240398,40320,2096281,217819,4584522,1753054,4072771,491273,883158,801358,1023762,1274703,962832,3754931,2490321,207939,6703320,2322910,8515125,5478932,5483234,872902,336980,1948163,770714,3999525,3560270,474098,4479796,5246115,3232185,1515752,6653016,1890632,4167489,1613529,404574,1860360,6117960,6292970,4193613,5931263,4746555,6057742,2830209,107673,8092500,1830959,254945,1106947,594456,202195,1340909,1169016,1364752,544745,825251,429319,1036528,764683,1187073,7534,951382,426460,1036566,1480642,451470,936262,1355208,544164,1224531,261553,474098,641733,674783,243597,443690,639831,1535556,988417,1046134,610414,644577,619321,1166751,184508,356248,416483,381340,1217524,1412709,921730,833146,713022,1536949,318728,152460,523498,274955,423150,730481,1096314,821282,819069,186312,429541,1019211,1226971,70952,575552,452653,452331,1394243,174264,1625764,900984,83301,740994,1966169,586934,35864,722907,364104,529807,701475,199431,1245091,980287,6965,734272,1600687,616987,3499,269818,661366,976794,231705,1058499,867634,637424,200575,1010188,1477386,299914
QC_volume_for_pooling_NUM,,,,,,,,,,,,,,,,,,,,,,,,,,,,,,,,,,,,,,,,,,,,,,,,,,,,,,,,,,,,,,,,,,,,,,,,,,,,,,,,,,,,,,,,,,,,,,,,,,,,,,,,,,,,,,,,,,,,,,,,,,,,,,,,,,,,,,,,,,,,,,,,,,,,,,,,,,,,,,,,,,,,,,,,,,,,,,,,,,,,,,,,,,,,,,,,,,,,,,,,,,,,,,,,,,,,,,,,,,,,,,,,,,,,,,,,,,,,,,,,,,,,,,,,,,,,,,,,,,,,,,,,,,,,,,,,,,,,,,,,,,,,,,,,,,,,,,,,,,,,,,,,,,,,,,,,,,,,,,,,,,,,,,,,,,,,,,,,,,,,,,,,,,,,,,,,,,,,,,,,,,,,,,,,,,,,,,,,,,,,,,,,
QC_nmap_BOOL,TRUE,TRUE,TRUE,TRUE,TRUE,TRUE,TRUE,TRUE,TRUE,TRUE,TRUE,TRUE,TRUE,TRUE,TRUE,TRUE,TRUE,TRUE,TRUE,TRUE,TRUE,TRUE,TRUE,TRUE,TRUE,TRUE,TRUE,TRUE,TRUE,TRUE,TRUE,TRUE,TRUE,TRUE,TRUE,FALSE,TRUE,TRUE,TRUE,TRUE,TRUE,TRUE,TRUE,TRUE,TRUE,TRUE,TRUE,TRUE,TRUE,TRUE,TRUE,TRUE,TRUE,TRUE,TRUE,TRUE,TRUE,TRUE,TRUE,TRUE,TRUE,TRUE,TRUE,TRUE,TRUE,FALSE,TRUE,TRUE,FALSE,TRUE,FALSE,FALSE,TRUE,TRUE,TRUE,TRUE,TRUE,TRUE,TRUE,TRUE,TRUE,TRUE,TRUE,TRUE,TRUE,TRUE,FALSE,TRUE,TRUE,TRUE,FALSE,TRUE,TRUE,TRUE,TRUE,TRUE,TRUE,TRUE,TRUE,TRUE,TRUE,TRUE,TRUE,FALSE,TRUE,TRUE,TRUE,TRUE,TRUE,TRUE,TRUE,TRUE,TRUE,TRUE,TRUE,TRUE,TRUE,TRUE,TRUE,TRUE,TRUE,TRUE,TRUE,TRUE,TRUE,TRUE,TRUE,TRUE,TRUE,TRUE,TRUE,TRUE,TRUE,TRUE,TRUE,TRUE,TRUE,TRUE,TRUE,TRUE,TRUE,TRUE,TRUE,TRUE,FALSE,TRUE,TRUE,TRUE,FALSE,TRUE,TRUE,TRUE,TRUE,TRUE,TRUE,TRUE,FALSE,TRUE,TRUE,FALSE,TRUE,TRUE,TRUE,FALSE,TRUE,TRUE,TRUE,TRUE,TRUE,TRUE,TRUE,TRUE,TRUE,TRUE,TRUE,FALSE,TRUE,TRUE,TRUE,TRUE,FALSE,TRUE,TRUE,FALSE,TRUE,TRUE,TRUE,FALSE,TRUE,FALSE,TRUE,TRUE,TRUE,TRUE,TRUE,TRUE,TRUE,TRUE,TRUE,TRUE,TRUE,FALSE,TRUE,TRUE,TRUE,TRUE,FALSE,TRUE,TRUE,TRUE,FALSE,FALSE,TRUE,TRUE,TRUE,FALSE,TRUE,TRUE,TRUE,TRUE,TRUE,TRUE,TRUE,TRUE,TRUE,FALSE,FALSE,FALSE,TRUE,FALSE,TRUE,FALSE,TRUE,TRUE,TRUE,FALSE,TRUE,FALSE,TRUE,FALSE,FALSE,FALSE,FALSE,FALSE,TRUE,TRUE,TRUE,FALSE,TRUE,FALSE,FALSE,FALSE,FALSE,TRUE,TRUE,FALSE,TRUE,TRUE,TRUE,TRUE,TRUE,FALSE,FALSE,TRUE,FALSE,TRUE,TRUE,FALSE,TRUE,TRUE,TRUE,TRUE,TRUE,TRUE,TRUE,TRUE,FALSE,TRUE,TRUE,FALSE,TRUE,TRUE,TRUE,TRUE,TRUE,FALSE,TRUE,FALSE,FALSE,TRUE,FALSE,FALSE,TRUE,TRUE,FALSE,FALSE,FALSE,FALSE,FALSE,FALSE,FALSE,FALSE,FALSE,FALSE,FALSE,TRUE,FALSE,FALSE,TRUE,FALSE,FALSE,FALSE,FALSE,FALSE,FALSE,FALSE,FALSE,FALSE,TRUE,TRUE,TRUE,FALSE,FALSE,FALSE,FALSE,FALSE,FALSE,FALSE,FALSE,TRUE,TRUE,FALSE,FALSE,FALSE,FALSE,FALSE,FALSE,FALSE,FALSE,FALSE,FALSE,TRUE,FALSE,FALSE,FALSE,FALSE,FALSE,FALSE,FALSE,FALSE,FALSE,FALSE,TRUE,FALSE,TRUE,FALSE,FALSE,FALSE,TRUE,FALSE,FALSE,FALSE,FALSE,FALSE,FALSE,FALSE,TRUE,TRUE,FALSE,FALSE,TRUE,FALSE,FALSE,FALSE,FALSE,FALSE,FALSE,TRUE,FALSE,FALSE,FALSE,TRUE,TRUE,FALSE
QC_nmap_NUM,4851376,3959309,2777185,5891252,4257069,1823899,2431772,1416639,1729183,4039930,1753174,679201,3268568,502656,3741877,6533411,4057981,13134873,4434762,3795012,3056440,803222,1890221,1611813,3209700,1187902,2737869,5483506,4092834,3626873,4089291,5316669,3251196,1509154,1416601,4864,2232818,1601143,1850226,1360571,1599185,1746308,2382184,2322164,3416594,595504,1544538,2420716,2388778,1500178,1545468,2018056,3372285,3540283,2118129,3796436,3816843,797053,1868703,1116777,1402741,1522938,1111663,1317412,4785052,176124,2364909,2606038,366536,1006174,250703,137997,1635384,1484137,1360062,5152539,3231706,3738067,1335364,3286315,5573147,2217713,2545439,1723136,1058809,1186375,421263,3542835,3600421,3200603,464314,4409598,4098045,1416727,5513995,992971,2074764,2229381,1630931,889451,1950988,722616,1563370,484746,1332893,2054341,1376673,2027859,788395,1685576,1578652,1582617,1011237,916776,1139414,604255,1604039,1697512,1211241,2222592,1392483,1554142,1865012,1025568,1738329,1855124,1234264,743837,1280119,1347213,1831066,3679503,1348380,1021444,689659,929355,1336081,852444,1402298,708583,1753143,1255265,2686010,1079983,52552,889185,1359795,1090874,162744,1358879,1596616,860140,1725730,1764653,2441637,1397792,117881,1692792,1169256,279349,2465779,1218307,1704331,223153,1491612,1062307,2833103,1857358,1304718,727361,2754815,645836,6098176,800665,746168,257891,1267704,2293913,1899226,2479949,6,2426361,914828,184355,2051721,1224027,1782469,236608,2170064,174493,1857642,1673957,1343325,2868128,779298,1415969,3268470,1965664,2086428,1807304,3110817,193010,1409486,883178,2053894,1241390,446043,2746765,2453945,2800198,190254,25676,3374912,536119,987863,286413,1441438,1399411,3494046,2520440,3717313,2019221,3747968,2161037,3897553,298501,246473,229915,1257363,314384,2151160,338544,3326858,2480445,631788,10194,3592043,230795,1092010,213990,123128,25409,362944,53596,2278221,760338,2487851,296109,527249,228655,382697,310245,448877,1907029,1376187,97951,3592152,1209909,4273179,3456092,3506965,296771,202462,714356,363511,2264058,1500198,113760,2413071,2633365,1687346,835191,3587648,857128,2781167,890049,166360,560214,2991834,24366,2218747,2935277,2110187,2957827,1837254,30939,4706325,495714,96485,615122,165231,114657,501556,588382,489595,186701,461475,75034,456564,299582,395312,1614,342751,154759,390567,792489,180804,214708,808082,112734,458753,114259,154293,229067,288282,123142,146422,254404,777448,551847,573633,119282,138722,172541,354795,49466,192118,233523,136730,714295,821310,464542,472204,156801,476662,121944,63568,255726,55026,207818,352428,601943,436869,458252,45250,89023,422773,377095,28859,305715,231857,228161,644738,68584,848046,495789,24609,396715,1153279,222545,11586,392878,178546,260097,346283,86835,713367,572528,740,385415,1016619,215120,814,92547,370013,471653,50578,537004,373770,344302,86799,504767,878847,91726
QC_nmap_threshold_NUM,500000,500000,500000,500000,500000,500000,500000,500000,500000,500000,500000,500000,500000,500000,500000,500000,500000,500000,500000,500000,500000,500000,500000,500000,500000,500000,500000,500000,500000,500000,500000,500000,500000,500000,500000,500000,500000,500000,500000,500000,500000,500000,500000,500000,500000,500000,500000,500000,500000,500000,500000,500000,500000,500000,500000,500000,500000,500000,500000,500000,500000,500000,500000,500000,500000,500000,500000,500000,500000,500000,500000,500000,500000,500000,500000,500000,500000,500000,500000,500000,500000,500000,500000,500000,500000,500000,500000,500000,500000,500000,500000,500000,500000,500000,500000,500000,500000,500000,500000,500000,500000,500000,500000,500000,500000,500000,500000,500000,500000,500000,500000,500000,500000,500000,500000,500000,500000,500000,500000,500000,500000,500000,500000,500000,500000,500000,500000,500000,500000,500000,500000,500000,500000,500000,500000,500000,500000,500000,500000,500000,500000,500000,500000,500000,500000,500000,500000,500000,500000,500000,500000,500000,500000,500000,500000,500000,500000,500000,500000,500000,500000,500000,500000,500000,500000,500000,500000,500000,500000,500000,500000,500000,500000,500000,500000,500000,500000,500000,500000,500000,500000,500000,500000,500000,500000,500000,500000,500000,500000,500000,500000,500000,500000,500000,500000,500000,500000,500000,500000,500000,500000,500000,500000,500000,500000,500000,500000,500000,500000,500000,500000,500000,500000,500000,500000,500000,500000,500000,500000,500000,500000,500000,500000,500000,500000,500000,500000,500000,500000,500000,500000,500000,500000,500000,500000,500000,500000,500000,500000,500000,500000,500000,500000,500000,500000,500000,500000,500000,500000,500000,500000,500000,500000,500000,500000,500000,500000,500000,500000,500000,500000,500000,500000,500000,500000,500000,500000,500000,500000,500000,500000,500000,500000,500000,500000,500000,500000,500000,500000,500000,500000,500000,500000,500000,500000,500000,500000,500000,500000,500000,500000,500000,500000,500000,500000,500000,500000,500000,500000,500000,500000,500000,500000,500000,500000,500000,500000,500000,500000,500000,500000,500000,500000,500000,500000,500000,500000,500000,500000,500000,500000,500000,500000,500000,500000,500000,500000,500000,500000,500000,500000,500000,500000,500000,500000,500000,500000,500000,500000,500000,500000,500000,500000,500000,500000,500000,500000,500000,500000,500000,500000,500000,500000,500000,500000,500000,500000,500000,500000,500000,500000,500000,500000,500000,500000,500000,500000,500000,500000,500000,500000,500000,500000,500000,500000,500000,500000,500000,500000,500000,500000,500000,500000,500000
QC_gcorr_BOOL,TRUE,TRUE,TRUE,FALSE,TRUE,TRUE,TRUE,TRUE,TRUE,TRUE,FALSE,TRUE,TRUE,TRUE,TRUE,TRUE,TRUE,TRUE,TRUE,TRUE,TRUE,TRUE,TRUE,TRUE,TRUE,TRUE,TRUE,TRUE,TRUE,TRUE,TRUE,TRUE,TRUE,TRUE,TRUE,FALSE,TRUE,TRUE,TRUE,TRUE,FALSE,TRUE,TRUE,TRUE,TRUE,TRUE,TRUE,TRUE,TRUE,TRUE,TRUE,TRUE,TRUE,TRUE,TRUE,TRUE,TRUE,TRUE,TRUE,TRUE,TRUE,TRUE,TRUE,TRUE,TRUE,FALSE,TRUE,TRUE,FALSE,TRUE,FALSE,FALSE,TRUE,TRUE,TRUE,TRUE,TRUE,TRUE,TRUE,TRUE,TRUE,TRUE,TRUE,TRUE,TRUE,TRUE,FALSE,TRUE,TRUE,TRUE,FALSE,TRUE,TRUE,TRUE,TRUE,TRUE,TRUE,TRUE,TRUE,TRUE,TRUE,TRUE,TRUE,FALSE,TRUE,TRUE,TRUE,TRUE,TRUE,TRUE,TRUE,TRUE,TRUE,TRUE,TRUE,TRUE,TRUE,TRUE,TRUE,TRUE,TRUE,TRUE,TRUE,TRUE,TRUE,TRUE,TRUE,TRUE,TRUE,TRUE,TRUE,TRUE,TRUE,TRUE,TRUE,TRUE,TRUE,TRUE,TRUE,TRUE,TRUE,TRUE,TRUE,TRUE,FALSE,TRUE,TRUE,TRUE,FALSE,TRUE,TRUE,TRUE,TRUE,TRUE,TRUE,TRUE,FALSE,TRUE,FALSE,FALSE,TRUE,TRUE,TRUE,FALSE,TRUE,TRUE,TRUE,TRUE,TRUE,TRUE,TRUE,TRUE,TRUE,TRUE,TRUE,FALSE,TRUE,TRUE,TRUE,TRUE,FALSE,TRUE,TRUE,FALSE,TRUE,TRUE,TRUE,FALSE,TRUE,FALSE,TRUE,TRUE,TRUE,FALSE,TRUE,TRUE,TRUE,TRUE,TRUE,FALSE,TRUE,FALSE,FALSE,TRUE,TRUE,TRUE,FALSE,TRUE,TRUE,TRUE,FALSE,FALSE,TRUE,TRUE,TRUE,FALSE,TRUE,TRUE,TRUE,TRUE,TRUE,TRUE,TRUE,TRUE,TRUE,FALSE,FALSE,FALSE,TRUE,FALSE,TRUE,FALSE,TRUE,TRUE,TRUE,FALSE,TRUE,FALSE,TRUE,FALSE,FALSE,FALSE,FALSE,FALSE,TRUE,TRUE,TRUE,FALSE,TRUE,FALSE,FALSE,FALSE,FALSE,TRUE,FALSE,FALSE,TRUE,TRUE,TRUE,TRUE,TRUE,FALSE,FALSE,FALSE,FALSE,TRUE,TRUE,FALSE,TRUE,TRUE,TRUE,TRUE,TRUE,TRUE,TRUE,TRUE,FALSE,FALSE,TRUE,FALSE,TRUE,TRUE,TRUE,TRUE,TRUE,FALSE,TRUE,FALSE,FALSE,TRUE,FALSE,FALSE,TRUE,TRUE,FALSE,FALSE,FALSE,FALSE,FALSE,FALSE,FALSE,FALSE,FALSE,FALSE,FALSE,TRUE,FALSE,FALSE,TRUE,FALSE,FALSE,FALSE,FALSE,FALSE,FALSE,FALSE,FALSE,FALSE,TRUE,TRUE,TRUE,FALSE,FALSE,FALSE,FALSE,FALSE,FALSE,FALSE,FALSE,TRUE,TRUE,FALSE,FALSE,FALSE,FALSE,FALSE,FALSE,FALSE,FALSE,FALSE,FALSE,TRUE,FALSE,FALSE,FALSE,FALSE,FALSE,FALSE,FALSE,FALSE,FALSE,FALSE,TRUE,FALSE,TRUE,FALSE,FALSE,FALSE,TRUE,FALSE,FALSE,FALSE,FALSE,FALSE,FALSE,FALSE,TRUE,TRUE,FALSE,FALSE,TRUE,FALSE,FALSE,FALSE,FALSE,FALSE,FALSE,TRUE,FALSE,FALSE,FALSE,TRUE,TRUE,FALSE
QC_gcorr_NUM_ARRAY,NA,NA,NA,NA,NA,NA,NA,NA,NA,NA,NA,NA,NA,NA,NA,NA,NA,NA,NA,NA,NA,NA,NA,NA,NA,NA,NA,NA,NA,NA,NA,NA,NA,NA,NA,,NA,NA,NA,NA,,NA,NA,NA,NA,NA,NA,NA,NA,NA,NA,NA,NA,NA,NA,NA,NA,NA,NA,NA,NA,NA,NA,NA,NA,,NA,NA,,NA,,,NA,NA,NA,NA,NA,NA,NA,NA,NA,NA,NA,NA,NA,NA,,NA,NA,NA,,NA,NA,NA,NA,NA,NA,NA,NA,NA,NA,NA,NA,,NA,NA,NA,NA,NA,NA,NA,NA,NA,NA,NA,NA,NA,NA,NA,NA,NA,NA,NA,NA,NA,NA,NA,NA,NA,NA,NA,NA,NA,NA,NA,NA,NA,NA,NA,NA,NA,NA,NA,NA,,NA,NA,NA,,NA,NA,,NA,NA,NA,NA,,NA,NA,,NA,NA,NA,,NA,NA,NA,NA,,NA,NA,NA,NA,NA,NA,,NA,NA,NA,NA,,NA,NA,,NA,NA,NA,,NA,,NA,NA,NA,NA,NA,NA,NA,NA,NA,NA,NA,,NA,,NA,NA,,NA,NA,NA,,,NA,,NA,,NA,NA,NA,NA,NA,NA,NA,NA,NA,,,,NA,,NA,,NA,NA,NA,,NA,,NA,,,,,,NA,NA,NA,,NA,,,,,NA,NA,,NA,NA,NA,NA,NA,,,NA,,NA,NA,,NA,NA,NA,NA,NA,,NA,NA,,NA,NA,,NA,NA,NA,NA,NA,,NA,,,,,,,NA,,,,,,,,,,,,NA,,,NA,,,,,,,,,,NA,,NA,,,,,,,,,NA,NA,,,,,,,,,,,NA,,,,,,,,,,,,,NA,,,,NA,,,,,,,,NA,,,,NA,,,,,,,NA,,,,,NA,
QC_gcorr_threshold_NUM,0.8,0.8,0.8,0.8,0.8,0.8,0.8,0.8,0.8,0.8,0.8,0.8,0.8,0.8,0.8,0.8,0.8,0.8,0.8,0.8,0.8,0.8,0.8,0.8,0.8,0.8,0.8,0.8,0.8,0.8,0.8,0.8,0.8,0.8,0.8,0.8,0.8,0.8,0.8,0.8,0.8,0.8,0.8,0.8,0.8,0.8,0.8,0.8,0.8,0.8,0.8,0.8,0.8,0.8,0.8,0.8,0.8,0.8,0.8,0.8,0.8,0.8,0.8,0.8,0.8,0.8,0.8,0.8,0.8,0.8,0.8,0.8,0.8,0.8,0.8,0.8,0.8,0.8,0.8,0.8,0.8,0.8,0.8,0.8,0.8,0.8,0.8,0.8,0.8,0.8,0.8,0.8,0.8,0.8,0.8,0.8,0.8,0.8,0.8,0.8,0.8,0.8,0.8,0.8,0.8,0.8,0.8,0.8,0.8,0.8,0.8,0.8,0.8,0.8,0.8,0.8,0.8,0.8,0.8,0.8,0.8,0.8,0.8,0.8,0.8,0.8,0.8,0.8,0.8,0.8,0.8,0.8,0.8,0.8,0.8,0.8,0.8,0.8,0.8,0.8,0.8,0.8,0.8,0.8,0.8,0.8,0.8,0.8,0.8,0.8,0.8,0.8,0.8,0.8,0.8,0.8,0.8,0.8,0.8,0.8,0.8,0.8,0.8,0.8,0.8,0.8,0.8,0.8,0.8,0.8,0.8,0.8,0.8,0.8,0.8,0.8,0.8,0.8,0.8,0.8,0.8,0.8,0.8,0.8,0.8,0.8,0.8,0.8,0.8,0.8,0.8,0.8,0.8,0.8,0.8,0.8,0.8,0.8,0.8,0.8,0.8,0.8,0.8,0.8,0.8,0.8,0.8,0.8,0.8,0.8,0.8,0.8,0.8,0.8,0.8,0.8,0.8,0.8,0.8,0.8,0.8,0.8,0.8,0.8,0.8,0.8,0.8,0.8,0.8,0.8,0.8,0.8,0.8,0.8,0.8,0.8,0.8,0.8,0.8,0.8,0.8,0.8,0.8,0.8,0.8,0.8,0.8,0.8,0.8,0.8,0.8,0.8,0.8,0.8,0.8,0.8,0.8,0.8,0.8,0.8,0.8,0.8,0.8,0.8,0.8,0.8,0.8,0.8,0.8,0.8,0.8,0.8,0.8,0.8,0.8,0.8,0.8,0.8,0.8,0.8,0.8,0.8,0.8,0.8,0.8,0.8,0.8,0.8,0.8,0.8,0.8,0.8,0.8,0.8,0.8,0.8,0.8,0.8,0.8,0.8,0.8,0.8,0.8,0.8,0.8,0.8,0.8,0.8,0.8,0.8,0.8,0.8,0.8,0.8,0.8,0.8,0.8,0.8,0.8,0.8,0.8,0.8,0.8,0.8,0.8,0.8,0.8,0.8,0.8,0.8,0.8,0.8,0.8,0.8,0.8,0.8,0.8,0.8,0.8,0.8,0.8,0.8,0.8,0.8,0.8,0.8,0.8,0.8,0.8,0.8,0.8,0.8,0.8,0.8,0.8,0.8,0.8,0.8,0.8,0.8,0.8,0.8,0.8,0.8,0.8,0.8,0.8,0.8,0.8,0.8,0.8,0.8,0.8,0.8,0.8,0.8,0.8,0.8,0.8,0.8,0.8,0.8,0.8,0.8
Dextrose,0.208,0.208,0.208,0.208,0.208,0.208,0.208,0.208,0.208,0.208,0.208,0.208,0.208,0.208,0.208,0.208,0.208,0.208,0.208,0.208,0.208,0.208,0.208,0.208,0.208,0.208,0.208,0.208,0.208,0.208,0.208,0.208,0.208,0.208,0.208,0.208,0.208,0.208,0.208,0.208,0.208,0.208,0.208,0.208,0.208,0.208,0.208,0.208,0.208,0.208,0.208,0.208,0.208,0.208,0.208,0.208,0.208,0.208,0.208,0.208,0.208,0.208,0.208,0.208,0.208,0.208,0.208,0.208,0.208,0.208,0.208,0.208,0.208,0.208,0.208,0.208,0.208,0.208,0.208,0.208,0.208,0.208,0.208,0.208,0.208,0.208,0.208,0.208,0.208,0.208,0.208,0.208,0.208,0.208,0.208,0.208,0.208,0.208,0.208,0.208,0.208,0.208,0.208,0.208,0.208,0.208,0.208,0.208,0.208,0.208,0.208,0.208,0.208,0.208,0.208,0.208,0.208,0.208,0.208,0.208,0.208,0.208,0.208,0.208,0.208,0.208,0.208,0.208,0.208,0.208,0.208,0.208,0.208,0.208,0.208,0.208,0.208,0.208,0.208,0.208,0.208,0.208,0.208,0.208,0.208,0.208,0.208,0.208,0.208,0.208,0.208,0.208,0.208,0.208,0.208,0.208,0.208,0.208,0.208,0.208,0.208,0.208,0.208,0.208,0.208,0.208,0.208,0.208,0.208,0.208,0.208,0.208,0.208,0.208,0.208,0.208,0.208,0.208,0.208,0.208,0.208,0.208,0.208,0.208,0.208,0.208,0.208,0.208,0.208,0.208,0.208,0.208,0.208,0.208,0.208,0.208,0.208,0.208,0.208,0.208,0.208,0.208,0.208,0.208,0.208,0.208,0.208,0.208,0.208,0.208,0.208,0.208,0.208,0.208,0.208,0.208,0.208,0.208,0.208,0.208,0.208,0.208,0.208,0.208,0.208,0.208,0.208,0.208,0.208,0.208,0.208,0.208,0.208,0.208,0.208,0.208,0.208,0.208,0.208,0.208,0.208,0.208,0.208,0.208,0.208,0.208,0.208,0.208,0.208,0.208,0.208,0.208,0.208,0.208,0.208,0.208,0.208,0.208,0.208,0.208,0.208,0.208,0.208,0.208,0.208,0.208,0.208,0.208,0.208,0.208,0.208,0.208,0.208,0.208,0.208,0.208,0.208,0.208,0.208,0.208,0.208,0.208,0.208,0.208,0.208,0.208,0.208,0.208,0.208,0.208,0.208,0.208,0.208,0.208,0.208,0.208,0.208,0.208,0.208,0.208,0.208,0.208,0.208,0.208,0.208,0.208,0.208,0.208,0.208,0.208,0.208,0.208,0.208,0.208,0.208,0.208,0.208,0.208,0.208,0.208,0.208,0.208,0.208,0.208,0.208,0.208,0.208,0.208,0.208,0.208,0.208,0.208,0.208,0.208,0.208,0.208,0.208,0.208,0.208,0.208,0.208,0.208,0.208,0.208,0.208,0.208,0.208,0.208,0.208,0.208,0.208,0.208,0.208,0.208,0.208,0.208,0.208,0.208,0.208,0.208,0.208,0.208,0.208,0.208,0.208,0.208,0.208,0.208,0.208,0.208,0.208,0.208,0.208,0.208,0.208,0.208,0.208,0.208,0.208,0.208,0.208,0.208,0.208,0.208
Dextrose_unit,%,%,%,%,%,%,%,%,%,%,%,%,%,%,%,%,%,%,%,%,%,%,%,%,%,%,%,%,%,%,%,%,%,%,%,%,%,%,%,%,%,%,%,%,%,%,%,%,%,%,%,%,%,%,%,%,%,%,%,%,%,%,%,%,%,%,%,%,%,%,%,%,%,%,%,%,%,%,%,%,%,%,%,%,%,%,%,%,%,%,%,%,%,%,%,%,%,%,%,%,%,%,%,%,%,%,%,%,%,%,%,%,%,%,%,%,%,%,%,%,%,%,%,%,%,%,%,%,%,%,%,%,%,%,%,%,%,%,%,%,%,%,%,%,%,%,%,%,%,%,%,%,%,%,%,%,%,%,%,%,%,%,%,%,%,%,%,%,%,%,%,%,%,%,%,%,%,%,%,%,%,%,%,%,%,%,%,%,%,%,%,%,%,%,%,%,%,%,%,%,%,%,%,%,%,%,%,%,%,%,%,%,%,%,%,%,%,%,%,%,%,%,%,%,%,%,%,%,%,%,%,%,%,%,%,%,%,%,%,%,%,%,%,%,%,%,%,%,%,%,%,%,%,%,%,%,%,%,%,%,%,%,%,%,%,%,%,%,%,%,%,%,%,%,%,%,%,%,%,%,%,%,%,%,%,%,%,%,%,%,%,%,%,%,%,%,%,%,%,%,%,%,%,%,%,%,%,%,%,%,%,%,%,%,%,%,%,%,%,%,%,%,%,%,%,%,%,%,%,%,%,%,%,%,%,%,%,%,%,%,%,%,%,%,%,%,%,%,%,%,%,%,%,%,%,%,%,%,%,%,%,%,%,%,%,%,%,%,%,%,%,%,%,%,%,%,%,%,%,%,%,%,%,%
IPTG,0,0,0,0,0,0,0,0,0,0,0,0,0,0,0,0,0,0,0,0,0,0,0,0,0,0,0,0,0,0,0,0,0,0,0,0,0,0,0,0,0,0,0,0,0,0,0,0,0.001,0.001,0.001,0.001,0.001,0.001,0.001,0.001,0.001,0.001,0.001,0.001,0.001,0.001,0.001,0.001,0.001,0.001,0.001,0.001,0.001,0.001,0.001,0.001,0.001,0.001,0.001,0.001,0.001,0.001,0.001,0.001,0.001,0.001,0.001,0.001,0.001,0.001,0.001,0.001,0.001,0.001,0.001,0.001,0.001,0.001,0.001,0.001,0,0,0,0,0,0,0,0,0,0,0,0,0,0,0,0,0,0,0,0,0,0,0,0,0,0,0,0,0,0,0,0,0,0,0,0,0,0,0,0,0,0,0,0,0,0,0,0,0.001,0.001,0.001,0.001,0.001,0.001,0.001,0.001,0.001,0.001,0.001,0.001,0.001,0.001,0.001,0.001,0.001,0.001,0.001,0.001,0.001,0.001,0.001,0.001,0.001,0.001,0.001,0.001,0.001,0.001,0.001,0.001,0.001,0.001,0.001,0.001,0.001,0.001,0.001,0.001,0.001,0.001,0.001,0.001,0.001,0.001,0.001,0.001,0,0,0,0,0,0,0,0,0,0,0,0,0,0,0,0,0,0,0,0,0,0,0,0,0,0,0,0,0,0,0,0,0,0,0,0,0,0,0,0,0,0,0,0,0,0,0,0,0.001,0.001,0.001,0.001,0.001,0.001,0.001,0.001,0.001,0.001,0.001,0.001,0.001,0.001,0.001,0.001,0.001,0.001,0.001,0.001,0.001,0.001,0.001,0.001,0.001,0.001,0.001,0.001,0.001,0.001,0.001,0.001,0.001,0.001,0.001,0.001,0.001,0.001,0.001,0.001,0.001,0.001,0.001,0.001,0.001,0.001,0.001,0.001,0,0,0,0,0,0,0,0,0,0,0,0,0,0,0,0,0,0,0,0,0,0,0,0,0,0,0,0,0,0,0,0,0,0,0,0,0,0,0,0,0,0,0,0,0,0,0,0,0.001,0.001,0.001,0.001,0.001,0.001,0.001,0.001,0.001,0.001,0.001,0.001,0.001,0.001,0.001,0.001,0.001,0.001,0.001,0.001,0.001,0.001,0.001,0.001,0.001,0.001,0.001,0.001,0.001,0.001,0.001,0.001,0.001,0.001,0.001,0.001,0.001,0.001,0.001,0.001,0.001,0.001,0.001,0.001,0.001,0.001,0.001,0.001
IPTG_unit,M,M,M,M,M,M,M,M,M,M,M,M,M,M,M,M,M,M,M,M,M,M,M,M,M,M,M,M,M,M,M,M,M,M,M,M,M,M,M,M,M,M,M,M,M,M,M,M,M,M,M,M,M,M,M,M,M,M,M,M,M,M,M,M,M,M,M,M,M,M,M,M,M,M,M,M,M,M,M,M,M,M,M,M,M,M,M,M,M,M,M,M,M,M,M,M,M,M,M,M,M,M,M,M,M,M,M,M,M,M,M,M,M,M,M,M,M,M,M,M,M,M,M,M,M,M,M,M,M,M,M,M,M,M,M,M,M,M,M,M,M,M,M,M,M,M,M,M,M,M,M,M,M,M,M,M,M,M,M,M,M,M,M,M,M,M,M,M,M,M,M,M,M,M,M,M,M,M,M,M,M,M,M,M,M,M,M,M,M,M,M,M,M,M,M,M,M,M,M,M,M,M,M,M,M,M,M,M,M,M,M,M,M,M,M,M,M,M,M,M,M,M,M,M,M,M,M,M,M,M,M,M,M,M,M,M,M,M,M,M,M,M,M,M,M,M,M,M,M,M,M,M,M,M,M,M,M,M,M,M,M,M,M,M,M,M,M,M,M,M,M,M,M,M,M,M,M,M,M,M,M,M,M,M,M,M,M,M,M,M,M,M,M,M,M,M,M,M,M,M,M,M,M,M,M,M,M,M,M,M,M,M,M,M,M,M,M,M,M,M,M,M,M,M,M,M,M,M,M,M,M,M,M,M,M,M,M,M,M,M,M,M,M,M,M,M,M,M,M,M,M,M,M,M,M,M,M,M,M,M,M,M,M,M,M,M,M,M,M,M,M,M,M,M,M,M,M,M,M,M,M,M,M,M
Replicate,1,1,1,1,1,1,1,1,1,1,1,1,2,2,2,2,2,2,2,2,2,2,2,2,3,3,3,3,3,3,3,3,3,3,3,3,4,4,4,4,4,4,4,4,4,4,4,4,1,1,1,1,1,1,1,1,1,1,1,1,2,2,2,2,2,2,2,2,2,2,2,2,3,3,3,3,3,3,3,3,3,3,3,3,4,4,4,4,4,4,4,4,4,4,4,4,1,1,1,1,1,1,1,1,1,1,1,1,2,2,2,2,2,2,2,2,2,2,2,2,3,3,3,3,3,3,3,3,3,3,3,3,4,4,4,4,4,4,4,4,4,4,4,4,1,1,1,1,1,1,1,1,1,1,1,1,2,2,2,2,2,2,2,2,2,2,2,2,3,3,3,3,3,3,3,3,3,3,3,3,4,4,4,4,4,4,4,4,4,4,4,4,1,1,1,1,1,1,1,1,1,1,1,1,2,2,2,2,2,2,2,2,2,2,2,2,3,3,3,3,3,3,3,3,3,3,3,3,4,4,4,4,4,4,4,4,4,4,4,4,1,1,1,1,1,1,1,1,1,1,1,1,2,2,2,2,2,2,2,2,2,2,2,2,3,3,3,3,3,3,3,3,3,3,3,3,4,4,4,4,4,4,4,4,4,4,4,4,1,1,1,1,1,1,1,1,1,1,1,1,2,2,2,2,2,2,2,2,2,2,2,2,3,3,3,3,3,3,3,3,3,3,3,3,4,4,4,4,4,4,4,4,4,4,4,4,1,1,1,1,1,1,1,1,1,1,1,1,2,2,2,2,2,2,2,2,2,2,2,2,3,3,3,3,3,3,3,3,3,3,3,3,4,4,4,4,4,4,4,4,4,4,4,4
Strain,Escherichia_coli_Nissle_WT,EcN_SensorArrayOnly,EcN_NOTgate_PsrA,EcN_NOTgate_HlyIIR,EcN_NOTgate_BM3R1,EcN_NOTgate_AmtR,EcN_NOTgate_QacR,EcN_NOTgate_LitR,EcN_NOTgate_AmeR,EcN_NOTgate_IcaR,EcN_NOTgate_BetI,EcN_NOTgate_PhlF,Escherichia_coli_Nissle_WT,EcN_SensorArrayOnly,EcN_NOTgate_PsrA,EcN_NOTgate_HlyIIR,EcN_NOTgate_BM3R1,EcN_NOTgate_AmtR,EcN_NOTgate_QacR,EcN_NOTgate_LitR,EcN_NOTgate_AmeR,EcN_NOTgate_IcaR,EcN_NOTgate_BetI,EcN_NOTgate_PhlF,Escherichia_coli_Nissle_WT,EcN_SensorArrayOnly,EcN_NOTgate_PsrA,EcN_NOTgate_HlyIIR,EcN_NOTgate_BM3R1,EcN_NOTgate_AmtR,EcN_NOTgate_QacR,EcN_NOTgate_LitR,EcN_NOTgate_AmeR,EcN_NOTgate_IcaR,EcN_NOTgate_BetI,EcN_NOTgate_PhlF,Escherichia_coli_Nissle_WT,EcN_SensorArrayOnly,EcN_NOTgate_PsrA,EcN_NOTgate_HlyIIR,EcN_NOTgate_BM3R1,EcN_NOTgate_AmtR,EcN_NOTgate_QacR,EcN_NOTgate_LitR,EcN_NOTgate_AmeR,EcN_NOTgate_IcaR,EcN_NOTgate_BetI,EcN_NOTgate_PhlF,Escherichia_coli_Nissle_WT,EcN_SensorArrayOnly,EcN_NOTgate_PsrA,EcN_NOTgate_HlyIIR,EcN_NOTgate_BM3R1,EcN_NOTgate_AmtR,EcN_NOTgate_QacR,EcN_NOTgate_LitR,EcN_NOTgate_AmeR,EcN_NOTgate_IcaR,EcN_NOTgate_BetI,EcN_NOTgate_PhlF,Escherichia_coli_Nissle_WT,EcN_SensorArrayOnly,EcN_NOTgate_PsrA,EcN_NOTgate_HlyIIR,EcN_NOTgate_BM3R1,EcN_NOTgate_AmtR,EcN_NOTgate_QacR,EcN_NOTgate_LitR,EcN_NOTgate_AmeR,EcN_NOTgate_IcaR,EcN_NOTgate_BetI,EcN_NOTgate_PhlF,Escherichia_coli_Nissle_WT,EcN_SensorArrayOnly,EcN_NOTgate_PsrA,EcN_NOTgate_HlyIIR,EcN_NOTgate_BM3R1,EcN_NOTgate_AmtR,EcN_NOTgate_QacR,EcN_NOTgate_LitR,EcN_NOTgate_AmeR,EcN_NOTgate_IcaR,EcN_NOTgate_BetI,EcN_NOTgate_PhlF,Escherichia_coli_Nissle_WT,EcN_SensorArrayOnly,EcN_NOTgate_PsrA,EcN_NOTgate_HlyIIR,EcN_NOTgate_BM3R1,EcN_NOTgate_AmtR,EcN_NOTgate_QacR,EcN_NOTgate_LitR,EcN_NOTgate_AmeR,EcN_NOTgate_IcaR,EcN_NOTgate_BetI,EcN_NOTgate_PhlF,Escherichia_coli_Nissle_WT,EcN_SensorArrayOnly,EcN_NOTgate_PsrA,EcN_NOTgate_HlyIIR,EcN_NOTgate_BM3R1,EcN_NOTgate_AmtR,EcN_NOTgate_QacR,EcN_NOTgate_LitR,EcN_NOTgate_AmeR,EcN_NOTgate_IcaR,EcN_NOTgate_BetI,EcN_NOTgate_PhlF,Escherichia_coli_Nissle_WT,EcN_SensorArrayOnly,EcN_NOTgate_PsrA,EcN_NOTgate_HlyIIR,EcN_NOTgate_BM3R1,EcN_NOTgate_AmtR,EcN_NOTgate_QacR,EcN_NOTgate_LitR,EcN_NOTgate_AmeR,EcN_NOTgate_IcaR,EcN_NOTgate_BetI,EcN_NOTgate_PhlF,Escherichia_coli_Nissle_WT,EcN_SensorArrayOnly,EcN_NOTgate_PsrA,EcN_NOTgate_HlyIIR,EcN_NOTgate_BM3R1,EcN_NOTgate_AmtR,EcN_NOTgate_QacR,EcN_NOTgate_LitR,EcN_NOTgate_AmeR,EcN_NOTgate_IcaR,EcN_NOTgate_BetI,EcN_NOTgate_PhlF,Escherichia_coli_Nissle_WT,EcN_SensorArrayOnly,EcN_NOTgate_PsrA,EcN_NOTgate_HlyIIR,EcN_NOTgate_BM3R1,EcN_NOTgate_AmtR,EcN_NOTgate_QacR,EcN_NOTgate_LitR,EcN_NOTgate_AmeR,EcN_NOTgate_IcaR,EcN_NOTgate_BetI,EcN_NOTgate_PhlF,Escherichia_coli_Nissle_WT,EcN_SensorArrayOnly,EcN_NOTgate_PsrA,EcN_NOTgate_HlyIIR,EcN_NOTgate_BM3R1,EcN_NOTgate_AmtR,EcN_NOTgate_QacR,EcN_NOTgate_LitR,EcN_NOTgate_AmeR,EcN_NOTgate_IcaR,EcN_NOTgate_BetI,EcN_NOTgate_PhlF,Escherichia_coli_Nissle_WT,EcN_SensorArrayOnly,EcN_NOTgate_PsrA,EcN_NOTgate_HlyIIR,EcN_NOTgate_BM3R1,EcN_NOTgate_AmtR,EcN_NOTgate_QacR,EcN_NOTgate_LitR,EcN_NOTgate_AmeR,EcN_NOTgate_IcaR,EcN_NOTgate_BetI,EcN_NOTgate_PhlF,Escherichia_coli_Nissle_WT,EcN_SensorArrayOnly,EcN_NOTgate_PsrA,EcN_NOTgate_HlyIIR,EcN_NOTgate_BM3R1,EcN_NOTgate_AmtR,EcN_NOTgate_QacR,EcN_NOTgate_LitR,EcN_NOTgate_AmeR,EcN_NOTgate_IcaR,EcN_NOTgate_BetI,EcN_NOTgate_PhlF,Escherichia_coli_Nissle_WT,EcN_SensorArrayOnly,EcN_NOTgate_PsrA,EcN_NOTgate_HlyIIR,EcN_NOTgate_BM3R1,EcN_NOTgate_AmtR,EcN_NOTgate_QacR,EcN_NOTgate_LitR,EcN_NOTgate_AmeR,EcN_NOTgate_IcaR,EcN_NOTgate_BetI,EcN_NOTgate_PhlF,Escherichia_coli_Nissle_WT,EcN_SensorArrayOnly,EcN_NOTgate_PsrA,EcN_NOTgate_HlyIIR,EcN_NOTgate_BM3R1,EcN_NOTgate_AmtR,EcN_NOTgate_QacR,EcN_NOTgate_LitR,EcN_NOTgate_AmeR,EcN_NOTgate_IcaR,EcN_NOTgate_BetI,EcN_NOTgate_PhlF,Escherichia_coli_Nissle_WT,EcN_SensorArrayOnly,EcN_NOTgate_PsrA,EcN_NOTgate_HlyIIR,EcN_NOTgate_BM3R1,EcN_NOTgate_AmtR,EcN_NOTgate_QacR,EcN_NOTgate_LitR,EcN_NOTgate_AmeR,EcN_NOTgate_IcaR,EcN_NOTgate_BetI,EcN_NOTgate_PhlF,Escherichia_coli_Nissle_WT,EcN_SensorArrayOnly,EcN_NOTgate_PsrA,EcN_NOTgate_HlyIIR,EcN_NOTgate_BM3R1,EcN_NOTgate_AmtR,EcN_NOTgate_QacR,EcN_NOTgate_LitR,EcN_NOTgate_AmeR,EcN_NOTgate_IcaR,EcN_NOTgate_BetI,EcN_NOTgate_PhlF,Escherichia_coli_Nissle_WT,EcN_SensorArrayOnly,EcN_NOTgate_PsrA,EcN_NOTgate_HlyIIR,EcN_NOTgate_BM3R1,EcN_NOTgate_AmtR,EcN_NOTgate_QacR,EcN_NOTgate_LitR,EcN_NOTgate_AmeR,EcN_NOTgate_IcaR,EcN_NOTgate_BetI,EcN_NOTgate_PhlF,Escherichia_coli_Nissle_WT,EcN_SensorArrayOnly,EcN_NOTgate_PsrA,EcN_NOTgate_HlyIIR,EcN_NOTgate_BM3R1,EcN_NOTgate_AmtR,EcN_NOTgate_QacR,EcN_NOTgate_LitR,EcN_NOTgate_AmeR,EcN_NOTgate_IcaR,EcN_NOTgate_BetI,EcN_NOTgate_PhlF,Escherichia_coli_Nissle_WT,EcN_SensorArrayOnly,EcN_NOTgate_PsrA,EcN_NOTgate_HlyIIR,EcN_NOTgate_BM3R1,EcN_NOTgate_AmtR,EcN_NOTgate_QacR,EcN_NOTgate_LitR,EcN_NOTgate_AmeR,EcN_NOTgate_IcaR,EcN_NOTgate_BetI,EcN_NOTgate_PhlF,Escherichia_coli_Nissle_WT,EcN_SensorArrayOnly,EcN_NOTgate_PsrA,EcN_NOTgate_HlyIIR,EcN_NOTgate_BM3R1,EcN_NOTgate_AmtR,EcN_NOTgate_QacR,EcN_NOTgate_LitR,EcN_NOTgate_AmeR,EcN_NOTgate_IcaR,EcN_NOTgate_BetI,EcN_NOTgate_PhlF,Escherichia_coli_Nissle_WT,EcN_SensorArrayOnly,EcN_NOTgate_PsrA,EcN_NOTgate_HlyIIR,EcN_NOTgate_BM3R1,EcN_NOTgate_AmtR,EcN_NOTgate_QacR,EcN_NOTgate_LitR,EcN_NOTgate_AmeR,EcN_NOTgate_IcaR,EcN_NOTgate_BetI,EcN_NOTgate_PhlF,Escherichia_coli_Nissle_WT,EcN_SensorArrayOnly,EcN_NOTgate_PsrA,EcN_NOTgate_HlyIIR,EcN_NOTgate_BM3R1,EcN_NOTgate_AmtR,EcN_NOTgate_QacR,EcN_NOTgate_LitR,EcN_NOTgate_AmeR,EcN_NOTgate_IcaR,EcN_NOTgate_BetI,EcN_NOTgate_PhlF,Escherichia_coli_Nissle_WT,EcN_SensorArrayOnly,EcN_NOTgate_PsrA,EcN_NOTgate_HlyIIR,EcN_NOTgate_BM3R1,EcN_NOTgate_AmtR,EcN_NOTgate_QacR,EcN_NOTgate_LitR,EcN_NOTgate_AmeR,EcN_NOTgate_IcaR,EcN_NOTgate_BetI,EcN_NOTgate_PhlF,Escherichia_coli_Nissle_WT,EcN_SensorArrayOnly,EcN_NOTgate_PsrA,EcN_NOTgate_HlyIIR,EcN_NOTgate_BM3R1,EcN_NOTgate_AmtR,EcN_NOTgate_QacR,EcN_NOTgate_LitR,EcN_NOTgate_AmeR,EcN_NOTgate_IcaR,EcN_NOTgate_BetI,EcN_NOTgate_PhlF,Escherichia_coli_Nissle_WT,EcN_SensorArrayOnly,EcN_NOTgate_PsrA,EcN_NOTgate_HlyIIR,EcN_NOTgate_BM3R1,EcN_NOTgate_AmtR,EcN_NOTgate_QacR,EcN_NOTgate_LitR,EcN_NOTgate_AmeR,EcN_NOTgate_IcaR,EcN_NOTgate_BetI,EcN_NOTgate_PhlF,Escherichia_coli_Nissle_WT,EcN_SensorArrayOnly,EcN_NOTgate_PsrA,EcN_NOTgate_HlyIIR,EcN_NOTgate_BM3R1,EcN_NOTgate_AmtR,EcN_NOTgate_QacR,EcN_NOTgate_LitR,EcN_NOTgate_AmeR,EcN_NOTgate_IcaR,EcN_NOTgate_BetI,EcN_NOTgate_PhlF,Escherichia_coli_Nissle_WT,EcN_SensorArrayOnly,EcN_NOTgate_PsrA,EcN_NOTgate_HlyIIR,EcN_NOTgate_BM3R1,EcN_NOTgate_AmtR,EcN_NOTgate_QacR,EcN_NOTgate_LitR,EcN_NOTgate_AmeR,EcN_NOTgate_IcaR,EcN_NOTgate_BetI,EcN_NOTgate_PhlF,Escherichia_coli_Nissle_WT,EcN_SensorArrayOnly,EcN_NOTgate_PsrA,EcN_NOTgate_HlyIIR,EcN_NOTgate_BM3R1,EcN_NOTgate_AmtR,EcN_NOTgate_QacR,EcN_NOTgate_LitR,EcN_NOTgate_AmeR,EcN_NOTgate_IcaR,EcN_NOTgate_BetI,EcN_NOTgate_PhlF,Escherichia_coli_Nissle_WT,EcN_SensorArrayOnly,EcN_NOTgate_PsrA,EcN_NOTgate_HlyIIR,EcN_NOTgate_BM3R1,EcN_NOTgate_AmtR,EcN_NOTgate_QacR,EcN_NOTgate_LitR,EcN_NOTgate_AmeR,EcN_NOTgate_IcaR,EcN_NOTgate_BetI,EcN_NOTgate_PhlF
Strain_input_state,,,,,,,,,,,,,,,,,,,,,,,,,,,,,,,,,,,,,,,,,,,,,,,,,,,,,,,,,,,,,,,,,,,,,,,,,,,,,,,,,,,,,,,,,,,,,,,,,,,,,,,,,,,,,,,,,,,,,,,,,,,,,,,,,,,,,,,,,,,,,,,,,,,,,,,,,,,,,,,,,,,,,,,,,,,,,,,,,,,,,,,,,,,,,,,,,,,,,,,,,,,,,,,,,,,,,,,,,,,,,,,,,,,,,,,,,,,,,,,,,,,,,,,,,,,,,,,,,,,,,,,,,,,,,,,,,,,,,,,,,,,,,,,,,,,,,,,,,,,,,,,,,,,,,,,,,,,,,,,,,,,,,,,,,,,,,,,,,,,,,,,,,,,,,,,,,,,,,,,,,,,,,,,,,,,,,,,,,,,,,,,,
Temperature,37,37,37,37,37,37,37,37,37,37,37,37,37,37,37,37,37,37,37,37,37,37,37,37,37,37,37,37,37,37,37,37,37,37,37,37,37,37,37,37,37,37,37,37,37,37,37,37,37,37,37,37,37,37,37,37,37,37,37,37,37,37,37,37,37,37,37,37,37,37,37,37,37,37,37,37,37,37,37,37,37,37,37,37,37,37,37,37,37,37,37,37,37,37,37,37,37,37,37,37,37,37,37,37,37,37,37,37,37,37,37,37,37,37,37,37,37,37,37,37,37,37,37,37,37,37,37,37,37,37,37,37,37,37,37,37,37,37,37,37,37,37,37,37,37,37,37,37,37,37,37,37,37,37,37,37,37,37,37,37,37,37,37,37,37,37,37,37,37,37,37,37,37,37,37,37,37,37,37,37,37,37,37,37,37,37,37,37,37,37,37,37,37,37,37,37,37,37,37,37,37,37,37,37,37,37,37,37,37,37,37,37,37,37,37,37,37,37,37,37,37,37,37,37,37,37,37,37,37,37,37,37,37,37,37,37,37,37,37,37,37,37,37,37,37,37,37,37,37,37,37,37,37,37,37,37,37,37,37,37,37,37,37,37,37,37,37,37,37,37,37,37,37,37,37,37,37,37,37,37,37,37,37,37,37,37,37,37,37,37,37,37,37,37,37,37,37,37,37,37,37,37,37,37,37,37,37,37,37,37,37,37,37,37,37,37,37,37,37,37,37,37,37,37,37,37,37,37,37,37,37,37,37,37,37,37,37,37,37,37,37,37,37,37,37,37,37,37,37,37,37,37,37,37,37,37,37,37,37,37,37,37,37,37,37,37,37,37,37,37,37,37,37,37,37,37,37,37,37,37,37,37,37,37
Timepoint,23,23,23,23,23,23,23,23,23,23,23,23,23,23,23,23,23,23,23,23,23,23,23,23,23,23,23,23,23,23,23,23,23,23,23,23,23,23,23,23,23,23,23,23,23,23,23,23,23,23,23,23,23,23,23,23,23,23,23,23,23,23,23,23,23,23,23,23,23,23,23,23,23,23,23,23,23,23,23,23,23,23,23,23,23,23,23,23,23,23,23,23,23,23,23,23,24.5,24.5,24.5,24.5,24.5,24.5,24.5,24.5,24.5,24.5,24.5,24.5,24.5,24.5,24.5,24.5,24.5,24.5,24.5,24.5,24.5,24.5,24.5,24.5,24.5,24.5,24.5,24.5,24.5,24.5,24.5,24.5,24.5,24.5,24.5,24.5,24.5,24.5,24.5,24.5,24.5,24.5,24.5,24.5,24.5,24.5,24.5,24.5,24.5,24.5,24.5,24.5,24.5,24.5,24.5,24.5,24.5,24.5,24.5,24.5,24.5,24.5,24.5,24.5,24.5,24.5,24.5,24.5,24.5,24.5,24.5,24.5,24.5,24.5,24.5,24.5,24.5,24.5,24.5,24.5,24.5,24.5,24.5,24.5,24.5,24.5,24.5,24.5,24.5,24.5,24.5,24.5,24.5,24.5,24.5,24.5,36,36,36,36,36,36,36,36,36,36,36,36,36,36,36,36,36,36,36,36,36,36,36,36,36,36,36,36,36,36,36,36,36,36,36,36,36,36,36,36,36,36,36,36,36,36,36,36,36,36,36,36,36,36,36,36,36,36,36,36,36,36,36,36,36,36,36,36,36,36,36,36,36,36,36,36,36,36,36,36,36,36,36,36,36,36,36,36,36,36,36,36,36,36,36,36,37.5,37.5,37.5,37.5,37.5,37.5,37.5,37.5,37.5,37.5,37.5,37.5,37.5,37.5,37.5,37.5,37.5,37.5,37.5,37.5,37.5,37.5,37.5,37.5,37.5,37.5,37.5,37.5,37.5,37.5,37.5,37.5,37.5,37.5,37.5,37.5,37.5,37.5,37.5,37.5,37.5,37.5,37.5,37.5,37.5,37.5,37.5,37.5,37.5,37.5,37.5,37.5,37.5,37.5,37.5,37.5,37.5,37.5,37.5,37.5,37.5,37.5,37.5,37.5,37.5,37.5,37.5,37.5,37.5,37.5,37.5,37.5,37.5,37.5,37.5,37.5,37.5,37.5,37.5,37.5,37.5,37.5,37.5,37.5,37.5,37.5,37.5,37.5,37.5,37.5,37.5,37.5,37.5,37.5,37.5,37.5
